date,temperature,humidity,rainfall,wind_speed,pressure
2021-01-01,21.3,72,0.0,13.4,956.6
2021-01-02,19.7,72,0.0,13.0,956.4
2021-01-03,20.1,71,0.0,13.4,955.0
2021-01-04,20.0,67,0.0,19.7,954.8
2021-01-05,20.9,74,0.0,12.6,955.4
2021-01-06,21.5,86,1.2,12.8,955.1
2021-01-07,20.7,82,3.4,9.4,953.9
2021-01-08,22.8,77,0.0,14.9,953.0
2021-01-09,22.1,71,0.0,13.7,953.9
2021-01-10,21.7,65,0.0,12.6,954.3
2021-01-11,22.9,57,0.0,10.5,955.3
2021-01-12,22.7,67,0.0,10.8,955.5
2021-01-13,22.7,65,0.0,9.5,955.3
2021-01-14,22.1,65,0.0,9.7,954.9
2021-01-15,21.6,67,0.0,9.4,954.1
2021-01-16,22.0,70,0.0,10.0,953.2
2021-01-17,22.1,68,0.0,13.1,954.4
2021-01-18,21.5,72,0.0,11.8,955.5
2021-01-19,21.3,68,0.0,9.9,955.0
2021-01-20,22.1,62,0.0,9.6,955.1
2021-01-21,22.8,61,0.0,9.8,954.3
2021-01-22,23.6,61,0.0,10.2,954.8
2021-01-23,22.8,64,0.0,9.2,954.8
2021-01-24,22.5,65,0.0,10.2,955.2
2021-01-25,22.8,61,0.0,9.7,955.6
2021-01-26,23.1,60,0.0,9.4,955.2
2021-01-27,22.9,59,0.0,9.9,955.3
2021-01-28,23.2,61,0.0,13.6,956.1
2021-01-29,22.4,64,0.0,10.2,956.3
2021-01-30,22.5,62,0.0,9.4,955.9
2021-01-31,22.7,64,0.0,10.2,956.8
2021-02-01,22.0,66,0.0,10.9,958.5
2021-02-02,20.8,57,0.0,11.2,958.4
2021-02-03,20.9,55,0.0,11.2,957.7
2021-02-04,21.1,52,0.0,11.2,957.2
2021-02-05,20.9,54,0.0,10.8,956.0
2021-02-06,21.3,55,0.0,10.8,955.3
2021-02-07,21.4,52,0.0,11.9,956.7
2021-02-08,20.3,47,0.0,11.3,957.4
2021-02-09,21.4,49,0.0,10.7,956.3
2021-02-10,21.7,50,0.0,10.7,954.8
2021-02-11,22.3,52,0.0,10.1,954.2
2021-02-12,22.0,55,0.0,10.0,955.0
2021-02-13,21.7,56,0.0,10.7,955.9
2021-02-14,22.5,51,0.0,10.5,955.8
2021-02-15,23.6,47,0.0,10.1,954.8
2021-02-16,24.2,42,0.0,14.2,954.2
2021-02-17,23.9,42,0.0,16.1,954.2
2021-02-18,23.1,50,0.0,16.6,956.0
2021-02-19,21.5,61,0.5,16.9,957.9
2021-02-20,22.2,54,0.0,12.6,957.1
2021-02-21,22.3,69,0.0,15.1,957.5
2021-02-22,23.8,59,0.0,7.9,957.3
2021-02-23,23.8,51,0.0,10.4,955.7
2021-02-24,24.2,44,0.0,11.2,954.6
2021-02-25,24.5,46,0.0,11.4,954.3
2021-02-26,25.6,43,0.0,9.4,952.9
2021-02-27,26.0,41,0.0,9.5,952.4
2021-02-28,26.4,42,0.0,10.4,953.0
2021-03-01,25.9,41,0.0,10.8,955.3
2021-03-02,26.6,43,0.0,15.1,955.8
2021-03-03,25.7,44,0.0,13.0,954.9
2021-03-04,26.2,35,0.0,12.6,955.3
2021-03-05,25.9,31,0.0,13.6,955.7
2021-03-06,26.1,32,0.0,11.3,955.6
2021-03-07,26.6,34,0.0,11.8,954.9
2021-03-08,26.9,33,0.0,13.7,955.4
2021-03-09,26.5,38,0.0,14.8,955.9
2021-03-10,26.8,38,0.0,14.0,955.7
2021-03-11,26.8,36,0.0,16.1,955.6
2021-03-12,25.9,39,0.0,15.3,956.7
2021-03-13,24.7,31,0.0,12.7,956.5
2021-03-14,25.8,32,0.0,12.8,955.0
2021-03-15,26.4,34,0.0,11.4,954.1
2021-03-16,28.1,37,0.0,13.2,954.1
2021-03-17,27.8,42,0.0,10.3,953.1
2021-03-18,28.2,41,0.0,13.3,953.5
2021-03-19,28.1,34,0.0,12.5,953.4
2021-03-20,27.2,38,0.0,13.4,952.4
2021-03-21,27.5,40,0.0,8.6,952.3
2021-03-22,28.4,40,0.0,13.4,954.1
2021-03-23,28.4,45,0.0,14.3,955.4
2021-03-24,28.4,45,0.0,13.1,955.2
2021-03-25,28.8,38,0.0,10.2,953.9
2021-03-26,29.3,37,0.0,12.1,953.3
2021-03-27,29.5,36,0.0,14.5,952.7
2021-03-28,29.3,34,0.0,9.7,951.9
2021-03-29,29.9,34,0.0,11.1,951.4
2021-03-30,30.3,30,0.0,19.3,950.0
2021-03-31,29.6,26,0.0,16.9,948.6
2021-04-01,29.2,30,0.0,18.1,948.2
2021-04-02,29.5,30,0.0,17.9,949.0
2021-04-03,30.3,31,0.0,8.5,949.6
2021-04-04,29.5,35,0.0,11.3,951.6
2021-04-05,29.1,41,0.0,14.2,952.8
2021-04-06,29.7,42,0.0,14.9,953.1
2021-04-07,29.5,43,0.0,9.6,953.6
2021-04-08,29.9,39,0.0,15.6,952.0
2021-04-09,29.5,44,0.0,13.4,952.0
2021-04-10,29.5,45,0.0,14.4,953.7
2021-04-11,28.8,50,0.0,11.5,955.0
2021-04-12,28.3,54,0.1,14.6,955.6
2021-04-13,27.9,60,2.9,13.9,954.8
2021-04-14,25.9,66,1.8,9.4,954.3
2021-04-15,27.2,55,0.0,10.6,953.5
2021-04-16,28.1,50,0.0,11.9,952.7
2021-04-17,28.7,49,0.0,12.3,953.6
2021-04-18,29.3,45,0.0,8.9,954.1
2021-04-19,29.7,44,0.0,11.8,952.1
2021-04-20,29.8,45,0.0,10.4,951.3
2021-04-21,29.3,53,0.1,14.4,952.7
2021-04-22,29.0,58,0.0,8.7,953.4
2021-04-23,29.3,55,0.0,10.6,953.3
2021-04-24,29.4,48,0.0,11.5,952.6
2021-04-25,29.8,45,0.0,12.6,952.4
2021-04-26,29.8,43,0.0,10.7,952.1
2021-04-27,29.8,44,0.0,11.0,952.8
2021-04-28,29.8,42,0.0,15.5,953.0
2021-04-29,29.4,47,0.0,16.6,952.5
2021-04-30,29.6,47,0.0,11.5,952.1
2021-05-01,29.5,47,0.0,13.6,952.1
2021-05-02,29.0,49,0.0,10.3,952.4
2021-05-03,28.5,55,0.0,9.8,952.1
2021-05-04,28.9,56,0.0,6.1,951.7
2021-05-05,29.6,53,0.0,12.7,951.6
2021-05-06,29.9,51,0.0,15.8,952.7
2021-05-07,29.4,57,0.0,13.8,953.3
2021-05-08,29.6,55,0.0,10.2,952.6
2021-05-09,29.9,54,0.1,11.0,951.2
2021-05-10,30.2,56,0.1,8.8,950.9
2021-05-11,30.3,57,0.9,10.1,950.4
2021-05-12,31.0,52,0.0,12.0,949.0
2021-05-13,31.1,48,0.1,15.3,948.8
2021-05-14,30.0,58,0.4,21.5,948.4
2021-05-15,28.7,68,0.7,27.2,947.7
2021-05-16,26.9,77,11.3,22.8,948.6
2021-05-17,28.2,70,0.7,15.2,949.8
2021-05-18,29.0,64,2.2,16.7,950.1
2021-05-19,29.9,57,0.1,17.3,949.5
2021-05-20,29.1,62,0.3,17.4,949.7
2021-05-21,30.0,53,0.0,14.0,949.6
2021-05-22,29.8,53,0.0,17.6,948.9
2021-05-23,31.2,45,0.0,18.5,949.1
2021-05-24,31.2,45,0.0,21.9,949.3
2021-05-25,31.1,38,0.0,20.7,947.2
2021-05-26,31.2,37,0.0,25.6,945.8
2021-05-27,30.4,43,0.0,24.4,947.3
2021-05-28,29.8,55,0.5,21.3,949.1
2021-05-29,30.1,57,0.2,17.5,949.9
2021-05-30,30.2,56,0.0,17.4,949.9
2021-05-31,30.4,56,1.2,16.8,948.5
2021-06-01,29.7,62,1.3,14.8,949.3
2021-06-02,27.4,76,12.4,12.4,950.1
2021-06-03,26.1,82,2.5,10.0,951.4
2021-06-04,26.7,74,0.0,9.4,952.0
2021-06-05,27.4,73,1.9,15.0,951.0
2021-06-06,27.2,73,2.1,10.5,951.0
2021-06-07,27.8,67,2.1,16.2,950.7
2021-06-08,28.7,58,1.3,17.8,949.5
2021-06-09,26.8,72,3.8,22.4,948.2
2021-06-10,27.0,68,0.3,28.1,947.3
2021-06-11,25.6,73,2.2,28.7,947.0
2021-06-12,27.2,69,1.2,30.0,946.5
2021-06-13,26.8,74,2.2,24.6,946.0
2021-06-14,26.0,78,10.3,22.9,945.8
2021-06-15,26.8,72,1.0,23.5,945.5
2021-06-16,25.4,78,2.9,27.3,946.9
2021-06-17,25.2,78,3.4,26.8,947.7
2021-06-18,26.0,73,0.7,25.4,948.9
2021-06-19,25.6,73,0.8,27.9,950.5
2021-06-20,26.9,65,0.0,29.5,950.9
2021-06-21,27.6,61,0.0,20.6,950.5
2021-06-22,28.6,57,0.0,18.1,949.7
2021-06-23,27.8,63,0.3,16.2,949.6
2021-06-24,25.2,75,3.7,20.6,950.1
2021-06-25,26.2,72,0.2,25.2,948.8
2021-06-26,27.0,69,1.6,21.1,948.4
2021-06-27,24.6,84,8.2,19.9,949.7
2021-06-28,26.4,76,2.3,13.5,949.6
2021-06-29,28.3,64,0.0,12.2,949.7
2021-06-30,29.1,62,0.1,16.6,949.4
2021-07-01,27.7,70,1.6,15.2,948.2
2021-07-02,24.7,85,23.8,16.1,949.3
2021-07-03,27.5,68,0.0,15.6,949.8
2021-07-04,28.1,64,0.0,15.6,949.7
2021-07-05,28.0,68,0.0,13.2,949.4
2021-07-06,27.5,76,0.9,12.8,948.6
2021-07-07,27.1,78,7.7,14.9,948.5
2021-07-08,24.4,92,19.4,16.0,948.6
2021-07-09,25.1,88,14.4,17.8,946.8
2021-07-10,25.3,84,5.2,13.9,945.4
2021-07-11,25.0,87,9.3,18.9,945.0
2021-07-12,24.9,85,14.1,18.4,945.1
2021-07-13,24.4,86,13.1,22.3,945.3
2021-07-14,24.3,86,4.5,26.7,945.3
2021-07-15,24.8,84,4.5,20.3,945.4
2021-07-16,25.2,85,5.0,9.9,948.2
2021-07-17,25.9,83,7.7,11.8,949.1
2021-07-18,25.7,85,9.2,12.3,947.5
2021-07-19,25.4,81,1.3,23.4,947.0
2021-07-20,25.5,78,1.6,28.1,948.7
2021-07-21,23.2,91,43.8,29.2,947.1
2021-07-22,22.9,91,39.3,28.8,943.4
2021-07-23,23.7,87,7.4,27.1,944.2
2021-07-24,25.7,77,0.2,28.1,946.0
2021-07-25,26.0,77,1.7,27.7,947.5
2021-07-26,26.4,72,0.0,30.9,948.1
2021-07-27,26.1,70,0.2,29.6,947.6
2021-07-28,25.9,70,0.1,31.0,948.3
2021-07-29,25.3,72,0.0,29.2,949.0
2021-07-30,25.3,75,0.5,29.5,949.5
2021-07-31,25.4,74,1.1,30.2,949.7
2021-08-01,25.3,73,0.4,30.6,948.9
2021-08-02,25.6,73,0.7,28.8,949.2
2021-08-03,25.7,72,0.3,26.8,950.6
2021-08-04,26.0,74,1.0,27.8,950.7
2021-08-05,25.9,74,2.6,24.5,948.9
2021-08-06,26.0,72,0.5,23.4,948.1
2021-08-07,26.5,70,0.0,18.8,949.2
2021-08-08,26.6,76,1.7,14.8,950.5
2021-08-09,26.9,75,1.2,13.2,950.9
2021-08-10,27.2,73,0.2,16.1,950.5
2021-08-11,27.5,69,0.3,18.9,950.5
2021-08-12,26.5,75,7.5,18.1,951.1
2021-08-13,26.0,76,0.4,16.7,950.0
2021-08-14,27.1,65,0.0,20.0,948.5
2021-08-15,26.3,73,2.2,20.5,948.8
2021-08-16,24.1,86,4.9,18.8,949.7
2021-08-17,23.2,94,22.5,16.7,949.3
2021-08-18,24.3,84,2.9,22.1,948.0
2021-08-19,25.3,77,0.9,25.9,947.9
2021-08-20,24.8,81,1.4,18.6,949.0
2021-08-21,24.5,85,6.1,11.0,950.9
2021-08-22,25.5,82,2.4,11.2,951.3
2021-08-23,26.2,76,0.6,10.9,951.2
2021-08-24,26.3,80,1.3,9.4,950.6
2021-08-25,25.9,83,2.9,12.0,949.5
2021-08-26,25.4,85,9.4,17.0,948.4
2021-08-27,25.4,84,6.1,12.4,948.1
2021-08-28,24.4,88,9.9,12.3,946.7
2021-08-29,24.9,85,3.0,15.5,945.6
2021-08-30,23.9,89,8.8,19.0,946.3
2021-08-31,24.5,86,10.2,19.3,947.9
2021-09-01,24.9,86,2.5,9.9,950.2
2021-09-02,25.0,86,3.1,11.0,949.7
2021-09-03,24.8,85,6.6,11.3,948.7
2021-09-04,24.4,87,9.9,15.6,948.4
2021-09-05,24.5,86,3.3,18.2,947.7
2021-09-06,23.3,91,9.3,18.5,947.1
2021-09-07,22.8,91,47.8,26.1,945.6
2021-09-08,25.1,79,3.9,29.3,948.2
2021-09-09,25.6,76,0.0,26.7,950.3
2021-09-10,25.5,77,0.2,23.3,949.9
2021-09-11,25.3,78,0.4,22.7,948.6
2021-09-12,25.5,79,1.2,24.9,946.9
2021-09-13,25.3,81,3.3,25.6,945.8
2021-09-14,25.2,81,2.1,25.5,946.7
2021-09-15,25.2,75,0.0,22.7,948.7
2021-09-16,24.9,74,0.0,20.5,949.3
2021-09-17,25.2,73,0.0,17.0,949.3
2021-09-18,25.2,74,0.0,13.7,950.9
2021-09-19,25.3,79,12.9,9.8,952.7
2021-09-20,24.7,87,14.9,12.7,951.4
2021-09-21,24.2,87,7.3,14.8,950.2
2021-09-22,24.1,88,4.9,19.8,948.4
2021-09-23,23.6,91,20.2,12.6,948.5
2021-09-24,25.1,83,1.8,14.4,949.8
2021-09-25,25.2,84,6.1,15.0,949.6
2021-09-26,24.5,84,6.5,15.1,947.4
2021-09-27,23.2,94,39.2,20.0,944.7
2021-09-28,24.2,84,9.0,25.5,946.6
2021-09-29,24.9,81,0.4,16.6,950.3
2021-09-30,25.3,84,4.6,9.5,951.8
2021-10-01,25.8,85,5.3,8.4,951.9
2021-10-02,25.7,83,2.8,9.4,952.1
2021-10-03,25.9,82,2.1,8.5,951.8
2021-10-04,25.9,84,5.1,9.3,951.0
2021-10-05,25.5,86,4.0,12.9,951.1
2021-10-06,25.2,85,2.1,18.0,950.6
2021-10-07,25.6,82,0.4,14.5,950.2
2021-10-08,25.5,86,12.4,10.0,950.3
2021-10-09,25.2,85,8.5,13.0,951.1
2021-10-10,25.1,85,4.6,13.6,951.0
2021-10-11,25.1,72,0.0,14.7,949.7
2021-10-12,25.1,64,0.0,9.5,949.6
2021-10-13,26.0,65,0.0,10.7,949.5
2021-10-14,26.3,66,0.0,11.6,948.9
2021-10-15,26.4,61,0.0,12.4,946.8
2021-10-16,24.1,86,11.6,15.0,946.3
2021-10-17,24.7,84,1.6,16.7,947.1
2021-10-18,26.1,69,0.0,17.1,949.4
2021-10-19,25.7,67,0.0,14.8,952.8
2021-10-20,25.3,62,0.0,10.1,955.1
2021-10-21,25.1,58,0.0,12.7,955.5
2021-10-22,25.1,57,0.0,9.6,955.7
2021-10-23,25.6,55,0.0,14.8,955.8
2021-10-24,25.0,61,0.0,11.4,955.8
2021-10-25,24.6,58,0.0,12.1,955.0
2021-10-26,23.9,55,0.0,14.2,954.1
2021-10-27,23.6,53,0.0,17.7,954.6
2021-10-28,24.1,56,0.0,14.7,954.8
2021-10-29,25.9,56,0.0,17.5,955.9
2021-10-30,25.4,68,1.0,16.0,956.6
2021-10-31,25.6,71,0.0,13.2,955.9
2021-11-01,24.4,73,0.1,12.6,955.1
2021-11-02,23.9,83,16.2,15.2,955.0
2021-11-03,23.9,82,1.4,17.3,955.0
2021-11-04,24.2,79,1.0,13.4,954.5
2021-11-05,24.0,75,0.0,16.2,954.3
2021-11-06,24.0,70,0.0,11.4,953.3
2021-11-07,23.3,59,0.0,13.0,953.2
2021-11-08,23.0,55,0.0,11.2,954.2
2021-11-09,23.1,50,0.0,16.1,954.5
2021-11-10,24.0,51,0.0,15.0,953.6
2021-11-11,22.8,59,3.9,14.2,951.9
2021-11-12,22.7,81,2.0,18.7,951.8
2021-11-13,24.0,84,1.2,14.0,952.1
2021-11-14,24.3,84,4.4,13.0,952.3
2021-11-15,24.9,81,1.0,16.2,951.3
2021-11-16,24.1,85,5.0,21.0,951.9
2021-11-17,23.9,85,1.8,17.7,953.5
2021-11-18,23.2,87,1.3,10.0,952.5
2021-11-19,22.4,91,4.9,20.9,950.3
2021-11-20,23.2,90,4.9,20.4,950.4
2021-11-21,23.6,88,3.8,20.3,953.0
2021-11-22,25.0,79,0.7,12.2,954.6
2021-11-23,24.9,79,1.0,7.4,954.1
2021-11-24,24.8,77,0.0,14.1,954.5
2021-11-25,24.4,72,0.0,10.5,955.1
2021-11-26,23.6,59,0.0,12.6,955.1
2021-11-27,23.2,59,0.0,14.6,955.3
2021-11-28,23.1,62,0.0,15.9,956.2
2021-11-29,22.5,81,0.3,15.0,956.8
2021-11-30,23.3,71,0.0,13.4,956.3
2021-12-01,23.0,69,0.0,12.8,955.2
2021-12-02,23.3,71,0.0,15.7,955.0
2021-12-03,23.6,67,0.0,12.6,955.0
2021-12-04,24.2,60,0.0,15.0,954.7
2021-12-05,24.3,57,0.0,10.2,954.7
2021-12-06,24.2,56,0.0,10.5,954.8
2021-12-07,25.0,57,0.0,13.1,955.8
2021-12-08,23.5,64,0.0,12.4,956.1
2021-12-09,23.7,71,0.7,10.9,957.6
2021-12-10,23.5,76,0.8,14.4,958.5
2021-12-11,23.6,71,0.1,12.6,958.0
2021-12-12,23.1,59,0.0,14.4,958.1
2021-12-13,22.5,67,0.0,11.6,957.2
2021-12-14,22.1,71,0.1,11.1,956.6
2021-12-15,21.2,56,0.0,11.2,956.9
2021-12-16,20.6,51,0.0,12.2,957.3
2021-12-17,20.4,52,0.0,13.6,957.8
2021-12-18,19.9,52,0.0,13.5,957.4
2021-12-19,19.7,60,0.0,11.3,958.1
2021-12-20,19.5,58,0.0,9.0,958.0
2021-12-21,19.6,53,0.0,8.3,957.4
2021-12-22,19.9,49,0.0,10.2,955.9
2021-12-23,21.6,46,0.0,8.0,955.6
2021-12-24,22.2,51,0.0,11.6,955.3
2021-12-25,22.1,59,0.0,9.7,955.7
2021-12-26,22.6,63,0.0,13.4,957.0
2021-12-27,22.5,68,0.0,11.2,957.8
2021-12-28,22.0,67,0.0,14.3,957.0
2021-12-29,21.4,67,0.0,11.7,956.6
2021-12-30,21.4,72,0.3,16.0,958.8
2021-12-31,21.7,70,0.0,13.8,960.0
2022-01-01,21.9,66,0.0,11.3,960.0
2022-01-02,21.3,66,0.0,9.5,958.5
2022-01-03,20.6,63,0.0,10.7,957.6
2022-01-04,20.4,64,0.0,11.9,957.6
2022-01-05,20.7,69,0.0,12.0,957.4
2022-01-06,20.8,68,0.0,14.4,956.4
2022-01-07,21.7,68,0.0,13.6,956.5
2022-01-08,22.0,73,0.3,16.3,956.8
2022-01-09,22.5,71,0.4,13.0,955.1
2022-01-10,21.4,80,3.0,11.7,955.5
2022-01-11,20.8,83,4.9,15.2,955.2
2022-01-12,20.2,84,1.5,12.6,954.8
2022-01-13,20.2,86,1.1,14.7,954.6
2022-01-14,21.5,78,1.2,17.7,954.3
2022-01-15,20.4,81,1.0,12.4,956.0
2022-01-16,20.6,78,0.1,14.8,957.6
2022-01-17,20.2,81,0.8,10.1,958.9
2022-01-18,20.9,68,0.0,8.2,957.6
2022-01-19,21.3,59,0.0,11.2,955.8
2022-01-20,21.7,58,0.0,10.3,953.6
2022-01-21,22.1,57,0.0,16.6,953.0
2022-01-22,22.8,53,0.0,15.1,951.6
2022-01-23,22.5,53,0.0,19.6,951.5
2022-01-24,20.7,53,0.0,11.4,952.4
2022-01-25,20.2,56,0.0,9.7,952.9
2022-01-26,20.8,55,0.0,12.0,953.9
2022-01-27,20.6,54,0.0,13.4,955.3
2022-01-28,19.3,48,0.0,12.0,956.5
2022-01-29,18.8,47,0.0,9.2,957.0
2022-01-30,20.4,46,0.0,10.1,955.4
2022-01-31,22.4,42,0.0,9.8,954.3
2022-02-01,23.0,44,0.0,10.4,953.5
2022-02-02,23.8,52,0.0,13.4,954.1
2022-02-03,23.7,58,0.0,17.5,952.7
2022-02-04,22.5,41,0.0,15.1,952.4
2022-02-05,21.3,44,0.0,11.0,953.8
2022-02-06,21.3,49,0.0,14.7,956.2
2022-02-07,23.1,63,0.0,9.9,956.3
2022-02-08,24.0,58,0.0,14.5,955.1
2022-02-09,24.0,60,0.0,16.0,954.9
2022-02-10,23.6,59,0.0,12.4,955.2
2022-02-11,23.6,57,0.0,14.2,955.9
2022-02-12,22.5,47,0.0,13.0,955.4
2022-02-13,21.6,45,0.0,12.8,953.9
2022-02-14,22.1,55,0.0,11.5,953.5
2022-02-15,23.4,59,0.0,14.9,953.4
2022-02-16,23.8,59,0.0,12.1,951.6
2022-02-17,24.5,48,0.0,16.6,951.1
2022-02-18,24.3,53,0.0,14.7,953.1
2022-02-19,24.4,44,0.0,13.0,954.6
2022-02-20,25.3,42,0.0,17.2,953.0
2022-02-21,24.9,43,0.0,12.0,952.4
2022-02-22,25.1,42,0.0,11.8,954.4
2022-02-23,24.3,57,0.0,13.3,956.8
2022-02-24,25.1,47,0.0,13.9,957.6
2022-02-25,25.4,39,0.0,15.5,956.6
2022-02-26,24.3,42,0.0,18.8,957.0
2022-02-27,24.8,43,0.0,15.8,957.0
2022-02-28,25.2,33,0.0,15.8,956.4
2022-03-01,26.1,30,0.0,13.1,956.3
2022-03-02,25.9,34,0.0,14.1,956.1
2022-03-03,26.0,33,0.0,15.8,955.8
2022-03-04,26.2,36,0.0,14.5,955.9
2022-03-05,26.3,37,0.0,13.0,955.0
2022-03-06,25.7,44,0.0,17.0,954.7
2022-03-07,25.9,45,0.0,14.0,955.0
2022-03-08,26.8,40,0.0,11.3,954.6
2022-03-09,27.6,34,0.0,12.5,954.1
2022-03-10,27.2,35,0.0,9.8,953.9
2022-03-11,27.7,38,0.0,11.6,953.8
2022-03-12,27.7,40,0.0,10.2,953.8
2022-03-13,27.7,36,0.0,15.0,953.8
2022-03-14,27.2,28,0.0,12.6,953.9
2022-03-15,27.8,26,0.0,13.9,952.2
2022-03-16,28.5,29,0.0,14.1,950.9
2022-03-17,29.1,27,0.0,15.1,950.1
2022-03-18,29.8,27,0.0,12.0,949.7
2022-03-19,29.1,40,0.0,13.6,949.7
2022-03-20,28.3,47,1.6,23.7,949.8
2022-03-21,29.9,41,0.0,18.2,950.5
2022-03-22,29.3,43,0.0,14.9,951.1
2022-03-23,29.6,36,0.0,13.2,950.7
2022-03-24,29.3,45,0.0,14.5,951.1
2022-03-25,29.5,48,0.0,15.9,952.0
2022-03-26,29.9,50,0.0,20.6,953.8
2022-03-27,30.3,45,0.0,14.7,953.9
2022-03-28,30.3,42,0.0,11.1,953.1
2022-03-29,30.4,34,0.0,11.7,951.7
2022-03-30,30.5,34,0.0,11.5,951.4
2022-03-31,30.7,35,0.0,12.3,951.7
2022-04-01,30.4,45,0.0,17.7,952.2
2022-04-02,30.4,51,0.0,13.3,953.3
2022-04-03,30.5,49,0.0,13.8,953.0
2022-04-04,31.0,43,0.0,15.7,953.6
2022-04-05,30.6,45,0.0,12.8,955.2
2022-04-06,30.5,43,0.0,13.1,955.2
2022-04-07,30.5,42,0.0,15.2,954.5
2022-04-08,30.9,40,0.0,14.5,953.3
2022-04-09,30.3,44,0.0,12.0,952.5
2022-04-10,30.5,45,0.0,14.1,951.9
2022-04-11,30.5,43,0.0,16.7,951.5
2022-04-12,31.1,39,0.0,17.1,950.6
2022-04-13,30.7,38,0.0,16.1,950.4
2022-04-14,31.2,43,0.0,13.6,950.3
2022-04-15,30.5,47,2.7,27.7,950.2
2022-04-16,31.2,39,0.0,17.4,949.6
2022-04-17,30.3,43,0.0,21.8,950.5
2022-04-18,31.1,41,0.0,12.0,952.2
2022-04-19,31.5,36,0.0,13.7,953.0
2022-04-20,32.0,34,0.0,15.0,951.3
2022-04-21,30.8,46,0.6,11.8,950.8
2022-04-22,29.2,58,0.1,27.9,952.4
2022-04-23,29.4,55,0.0,9.1,952.8
2022-04-24,30.0,44,0.1,15.9,951.9
2022-04-25,31.3,41,0.0,13.0,950.7
2022-04-26,30.7,44,0.0,11.3,951.1
2022-04-27,31.3,41,0.0,13.3,950.9
2022-04-28,31.6,39,0.0,9.4,951.4
2022-04-29,31.6,38,0.0,13.8,951.3
2022-04-30,32.0,37,0.0,13.8,949.6
2022-05-01,32.0,32,0.0,12.7,948.0
2022-05-02,32.1,31,0.0,19.0,948.4
2022-05-03,32.1,39,0.0,18.6,949.3
2022-05-04,30.2,60,1.9,19.6,951.4
2022-05-05,31.1,48,0.0,12.1,950.6
2022-05-06,32.1,37,0.0,21.0,949.7
2022-05-07,31.6,43,0.0,14.7,949.3
2022-05-08,31.4,41,0.0,23.6,948.1
2022-05-09,31.7,39,0.0,18.0,945.9
2022-05-10,30.9,42,0.0,21.5,944.4
2022-05-11,27.3,68,6.4,12.3,945.1
2022-05-12,28.5,68,0.2,14.1,946.5
2022-05-13,29.7,64,0.6,15.0,946.7
2022-05-14,31.4,56,0.1,14.0,947.2
2022-05-15,31.4,56,0.1,15.1,948.3
2022-05-16,30.8,61,0.0,14.1,948.5
2022-05-17,29.3,66,1.2,20.6,947.7
2022-05-18,28.9,68,0.5,17.8,948.2
2022-05-19,27.6,73,2.9,13.1,948.6
2022-05-20,27.8,72,3.6,15.6,948.4
2022-05-21,28.3,62,0.0,20.6,947.4
2022-05-22,29.0,55,0.0,25.7,946.1
2022-05-23,29.8,52,0.0,23.4,946.4
2022-05-24,30.8,49,0.0,20.9,948.6
2022-05-25,30.8,47,0.0,15.8,950.5
2022-05-26,30.4,49,0.3,21.0,950.2
2022-05-27,30.3,46,0.1,18.4,949.6
2022-05-28,30.7,42,0.0,20.8,948.6
2022-05-29,31.4,40,0.0,22.5,948.5
2022-05-30,31.7,42,0.0,19.5,948.1
2022-05-31,29.0,58,1.1,20.2,947.6
2022-06-01,29.3,59,8.2,20.8,947.7
2022-06-02,31.0,51,0.0,25.9,947.4
2022-06-03,31.3,49,0.0,20.8,947.3
2022-06-04,32.3,41,0.0,20.6,947.4
2022-06-05,31.7,43,0.0,15.8,947.0
2022-06-06,30.9,49,0.8,19.3,948.1
2022-06-07,30.6,53,0.4,22.0,947.6
2022-06-08,29.8,55,0.0,20.2,947.6
2022-06-09,30.2,54,0.5,18.8,947.6
2022-06-10,30.4,53,0.0,17.8,948.4
2022-06-11,29.4,58,0.0,18.5,949.1
2022-06-12,29.2,59,0.4,16.1,949.3
2022-06-13,29.5,56,0.5,16.2,950.4
2022-06-14,28.7,62,0.7,16.6,950.0
2022-06-15,26.8,75,11.5,15.0,949.4
2022-06-16,27.0,75,7.8,13.5,949.4
2022-06-17,27.8,69,1.0,12.7,949.2
2022-06-18,27.7,70,3.8,10.2,949.4
2022-06-19,27.3,72,1.6,14.8,949.4
2022-06-20,27.3,69,1.8,23.4,948.0
2022-06-21,26.4,75,10.7,18.8,946.7
2022-06-22,26.7,72,0.3,16.9,948.0
2022-06-23,27.8,66,0.2,16.6,949.0
2022-06-24,27.8,64,0.1,19.2,948.1
2022-06-25,26.4,70,6.5,22.0,946.0
2022-06-26,24.8,82,23.6,21.4,946.4
2022-06-27,24.9,81,12.7,21.5,948.2
2022-06-28,25.7,76,7.9,23.8,948.1
2022-06-29,26.9,72,1.1,21.3,946.7
2022-06-30,26.4,76,2.6,20.2,946.3
2022-07-01,26.5,76,0.6,21.4,946.8
2022-07-02,26.7,73,2.9,22.8,945.9
2022-07-03,26.7,73,3.6,20.3,945.9
2022-07-04,25.4,79,6.1,22.0,945.7
2022-07-05,24.5,85,10.0,23.2,944.6
2022-07-06,23.7,90,20.3,19.6,946.2
2022-07-07,24.7,84,21.0,23.9,947.9
2022-07-08,23.1,91,27.4,22.7,946.6
2022-07-09,22.7,92,55.8,27.0,944.2
2022-07-10,22.5,91,39.9,29.8,944.5
2022-07-11,23.5,84,10.5,37.9,945.8
2022-07-12,22.3,91,36.3,33.1,945.1
2022-07-13,22.5,90,21.3,33.6,942.6
2022-07-14,23.8,81,2.0,37.9,942.2
2022-07-15,25.0,77,0.7,33.6,944.6
2022-07-16,25.6,77,3.3,26.7,946.4
2022-07-17,24.2,87,13.6,21.7,946.8
2022-07-18,24.3,87,8.8,25.3,947.4
2022-07-19,25.5,77,1.3,25.1,948.7
2022-07-20,26.3,75,0.2,19.6,949.1
2022-07-21,25.6,78,0.4,19.8,949.2
2022-07-22,24.3,87,22.8,19.4,949.2
2022-07-23,23.6,90,16.2,22.3,947.9
2022-07-24,23.8,86,2.0,20.6,948.3
2022-07-25,24.1,86,13.1,16.6,949.7
2022-07-26,24.2,86,3.0,17.6,951.0
2022-07-27,25.1,83,2.3,8.4,950.9
2022-07-28,25.2,85,1.6,9.2,951.8
2022-07-29,25.6,84,2.3,9.4,951.3
2022-07-30,25.9,83,3.8,8.7,950.0
2022-07-31,26.1,84,0.5,9.7,948.3
2022-08-01,25.6,84,5.0,10.1,948.2
2022-08-02,25.8,84,6.2,10.9,947.2
2022-08-03,25.4,84,3.4,12.2,946.5
2022-08-04,25.3,86,7.3,12.5,946.4
2022-08-05,24.7,85,6.4,19.2,945.8
2022-08-06,24.9,83,20.2,24.9,944.8
2022-08-07,24.3,86,12.7,23.1,943.7
2022-08-08,22.9,92,22.7,26.1,942.5
2022-08-09,23.6,85,6.2,33.2,942.7
2022-08-10,25.1,74,0.3,36.9,942.8
2022-08-11,25.4,74,0.9,31.3,945.1
2022-08-12,25.8,73,0.5,28.8,947.4
2022-08-13,25.2,76,0.2,29.9,948.0
2022-08-14,23.8,84,7.0,27.4,948.6
2022-08-15,23.5,85,7.4,25.8,949.3
2022-08-16,25.1,77,0.0,19.3,950.4
2022-08-17,25.8,75,0.0,18.0,950.8
2022-08-18,26.1,75,0.1,19.8,950.0
2022-08-19,26.0,74,0.1,21.7,949.6
2022-08-20,25.6,76,0.9,25.1,948.9
2022-08-21,26.0,74,0.5,23.9,947.9
2022-08-22,25.4,75,0.2,26.7,947.4
2022-08-23,25.5,76,0.3,20.5,948.5
2022-08-24,26.0,76,1.6,18.2,950.6
2022-08-25,25.3,80,4.2,17.6,950.0
2022-08-26,25.8,76,1.0,11.7,949.5
2022-08-27,25.6,78,1.7,15.4,949.5
2022-08-28,26.0,76,0.6,15.1,949.3
2022-08-29,25.5,82,8.8,10.5,950.7
2022-08-30,25.7,81,0.7,13.5,951.4
2022-08-31,25.7,82,8.7,12.7,950.8
2022-09-01,25.4,84,7.2,13.5,950.8
2022-09-02,25.7,81,0.4,14.5,951.6
2022-09-03,26.7,79,2.6,9.6,951.0
2022-09-04,25.8,81,10.5,13.4,950.5
2022-09-05,25.6,83,2.5,14.8,950.3
2022-09-06,25.2,86,10.9,11.5,949.9
2022-09-07,25.0,86,19.5,11.8,949.7
2022-09-08,24.4,88,10.9,11.8,949.0
2022-09-09,24.4,89,24.5,9.4,948.5
2022-09-10,24.0,90,20.3,16.6,947.5
2022-09-11,23.5,90,9.2,21.3,945.8
2022-09-12,24.5,84,1.6,24.3,945.6
2022-09-13,25.3,78,0.5,26.6,948.3
2022-09-14,25.2,78,0.9,24.0,951.1
2022-09-15,25.2,77,0.2,23.8,951.8
2022-09-16,25.3,76,0.0,28.6,950.0
2022-09-17,25.3,78,0.3,20.6,950.1
2022-09-18,25.3,77,0.1,19.7,951.0
2022-09-19,25.2,75,3.2,19.8,950.5
2022-09-20,24.0,83,1.8,20.4,949.7
2022-09-21,24.9,79,0.8,20.8,949.7
2022-09-22,24.6,79,3.6,19.4,950.5
2022-09-23,24.3,76,0.8,16.9,951.3
2022-09-24,24.8,76,0.0,16.6,951.2
2022-09-25,24.9,78,0.7,11.6,950.7
2022-09-26,25.2,80,3.1,12.6,951.4
2022-09-27,25.2,83,2.2,11.4,950.4
2022-09-28,24.9,85,14.6,8.6,949.5
2022-09-29,24.0,89,25.5,12.0,949.3
2022-09-30,25.2,84,8.5,14.6,949.5
2022-10-01,25.0,80,1.3,14.6,949.7
2022-10-02,25.2,76,0.0,18.6,949.8
2022-10-03,25.8,69,0.1,18.9,949.8
2022-10-04,25.9,67,0.0,18.0,949.7
2022-10-05,24.5,81,10.9,12.8,949.4
2022-10-06,22.8,92,21.1,12.9,948.6
2022-10-07,24.3,82,2.3,14.1,949.8
2022-10-08,24.5,82,3.5,9.2,952.1
2022-10-09,24.1,87,2.6,14.8,952.6
2022-10-10,24.0,88,1.5,14.5,953.4
2022-10-11,24.4,85,3.2,15.3,953.1
2022-10-12,24.2,86,11.8,10.5,953.3
2022-10-13,24.3,86,3.8,8.0,953.2
2022-10-14,23.4,88,2.0,12.6,952.9
2022-10-15,23.6,88,5.0,15.5,951.9
2022-10-16,23.1,92,6.0,15.3,953.7
2022-10-17,24.6,84,2.0,12.2,955.1
2022-10-18,24.4,84,0.4,8.8,954.5
2022-10-19,24.3,83,1.1,10.0,953.8
2022-10-20,23.8,86,2.8,12.6,954.8
2022-10-21,24.2,78,0.0,13.7,956.1
2022-10-22,22.9,60,0.0,16.5,956.7
2022-10-23,22.0,58,0.0,22.1,955.0
2022-10-24,21.8,57,0.0,17.5,952.9
2022-10-25,21.6,64,0.0,9.8,953.5
2022-10-26,22.0,63,0.0,10.3,955.5
2022-10-27,22.3,65,0.0,9.3,955.7
2022-10-28,22.9,57,0.0,13.1,954.9
2022-10-29,22.7,48,0.0,16.3,955.0
2022-10-30,22.2,51,0.0,14.5,955.1
2022-10-31,21.9,58,0.0,12.8,954.7
2022-11-01,22.2,67,0.2,11.7,955.7
2022-11-02,22.7,75,0.0,11.3,954.9
2022-11-03,24.1,72,0.3,12.8,954.8
2022-11-04,24.1,76,0.6,10.8,956.1
2022-11-05,23.9,68,0.0,9.2,957.2
2022-11-06,23.1,62,0.0,10.6,957.5
2022-11-07,23.2,61,0.0,10.2,956.7
2022-11-08,23.1,60,0.0,9.3,956.3
2022-11-09,22.4,54,0.0,9.9,956.0
2022-11-10,22.9,52,0.0,11.8,956.3
2022-11-11,23.9,51,0.0,19.1,956.2
2022-11-12,23.9,53,0.0,14.9,956.5
2022-11-13,23.3,61,0.0,13.0,956.1
2022-11-14,23.1,65,0.0,10.3,956.4
2022-11-15,22.9,57,0.0,12.1,956.3
2022-11-16,21.7,53,0.0,9.8,955.0
2022-11-17,21.4,51,0.0,10.9,954.6
2022-11-18,22.0,48,0.0,16.5,955.0
2022-11-19,21.2,51,0.0,17.4,955.2
2022-11-20,20.4,52,0.0,11.4,953.9
2022-11-21,23.4,49,0.0,13.5,953.6
2022-11-22,25.0,56,0.0,16.0,953.9
2022-11-23,24.6,70,0.0,14.8,954.6
2022-11-24,24.3,75,0.8,10.8,954.8
2022-11-25,24.5,65,0.0,11.8,955.4
2022-11-26,23.8,54,0.0,10.2,954.4
2022-11-27,23.3,55,0.0,13.4,952.5
2022-11-28,22.8,54,0.0,10.5,953.0
2022-11-29,21.6,50,0.0,9.7,954.1
2022-11-30,21.2,56,0.0,8.9,955.2
2022-12-01,23.1,60,0.0,8.9,955.0
2022-12-02,23.8,70,0.0,9.7,954.6
2022-12-03,24.0,73,0.1,9.1,954.9
2022-12-04,24.0,70,0.0,9.0,955.6
2022-12-05,22.5,60,0.0,10.9,956.2
2022-12-06,22.1,54,0.0,12.5,955.3
2022-12-07,22.0,57,0.0,14.4,954.5
2022-12-08,20.7,52,0.0,16.0,953.8
2022-12-09,21.5,47,0.0,12.8,952.6
2022-12-10,22.2,70,3.8,19.2,952.3
2022-12-11,21.6,89,11.1,22.6,953.2
2022-12-12,22.5,85,1.3,19.2,954.1
2022-12-13,22.9,84,2.3,16.6,955.2
2022-12-14,23.0,79,0.0,14.0,955.8
2022-12-15,23.6,72,0.0,8.4,955.1
2022-12-16,24.2,69,0.0,8.9,954.4
2022-12-17,24.0,69,0.0,11.6,955.0
2022-12-18,22.5,60,0.0,12.0,954.7
2022-12-19,21.2,57,0.0,10.9,954.0
2022-12-20,21.6,62,0.0,10.9,953.7
2022-12-21,21.9,58,0.0,9.3,954.1
2022-12-22,22.1,54,0.0,10.8,953.8
2022-12-23,22.1,59,0.0,12.5,953.8
2022-12-24,21.8,56,0.0,10.8,954.7
2022-12-25,21.4,66,0.0,13.5,955.4
2022-12-26,23.0,78,0.3,15.1,956.9
2022-12-27,24.0,72,0.0,8.9,957.7
2022-12-28,24.8,66,0.0,9.0,958.1
2022-12-29,25.0,62,0.0,8.4,959.2
2022-12-30,24.7,60,0.0,8.3,959.9
2022-12-31,24.8,56,0.0,8.1,958.7
2023-01-01,24.1,58,0.0,9.2,958.2
2023-01-02,23.6,62,0.0,10.7,958.4
2023-01-03,22.9,67,0.0,8.4,958.6
2023-01-04,22.2,67,0.0,11.5,957.8
2023-01-05,21.7,76,0.9,12.5,959.0
2023-01-06,21.7,76,0.3,10.8,960.2
2023-01-07,21.0,64,0.0,12.9,959.3
2023-01-08,18.7,54,0.0,11.5,957.9
2023-01-09,18.7,52,0.0,10.2,958.5
2023-01-10,20.4,50,0.0,9.0,958.2
2023-01-11,20.3,55,0.0,10.8,956.1
2023-01-12,21.1,57,0.0,8.9,954.8
2023-01-13,21.6,58,0.0,8.7,955.2
2023-01-14,22.0,56,0.0,10.3,955.2
2023-01-15,22.1,59,0.0,10.3,954.6
2023-01-16,22.3,54,0.0,10.7,955.1
2023-01-17,21.7,49,0.0,10.6,955.6
2023-01-18,21.8,57,0.0,9.9,957.2
2023-01-19,21.8,59,0.0,10.8,957.5
2023-01-20,22.0,61,0.0,11.3,957.0
2023-01-21,21.7,59,0.0,9.5,956.7
2023-01-22,21.6,61,0.0,10.0,955.7
2023-01-23,21.7,66,0.0,13.7,955.2
2023-01-24,22.1,63,0.0,13.8,955.4
2023-01-25,21.6,62,0.0,15.3,955.3
2023-01-26,21.1,60,0.0,14.3,955.5
2023-01-27,21.8,55,0.0,12.2,955.9
2023-01-28,22.2,53,0.0,10.5,954.7
2023-01-29,22.4,56,0.0,16.1,953.9
2023-01-30,22.8,68,0.0,17.9,955.8
2023-01-31,23.3,60,0.0,11.2,955.5
2023-02-01,22.8,57,0.0,16.1,955.3
2023-02-02,22.6,48,0.0,16.9,955.9
2023-02-03,22.1,37,0.0,10.5,956.1
2023-02-04,22.8,43,0.0,11.5,955.0
2023-02-05,22.5,44,0.0,11.5,954.5
2023-02-06,23.1,49,0.0,10.5,954.4
2023-02-07,24.7,51,0.0,10.1,954.0
2023-02-08,24.8,53,0.0,10.5,954.6
2023-02-09,24.4,50,0.0,8.8,955.2
2023-02-10,24.9,38,0.0,11.8,956.1
2023-02-11,25.1,38,0.0,9.4,956.3
2023-02-12,25.4,36,0.0,12.9,956.9
2023-02-13,23.6,35,0.0,15.3,957.4
2023-02-14,22.6,34,0.0,11.6,956.6
2023-02-15,23.8,32,0.0,13.8,955.2
2023-02-16,24.8,31,0.0,18.1,955.4
2023-02-17,24.0,35,0.0,11.6,955.4
2023-02-18,24.4,41,0.0,9.7,955.6
2023-02-19,25.0,46,0.0,10.8,956.1
2023-02-20,25.2,47,0.0,9.5,955.9
2023-02-21,25.9,38,0.0,10.5,956.1
2023-02-22,26.2,36,0.0,10.0,955.4
2023-02-23,25.7,39,0.0,11.6,955.3
2023-02-24,26.5,35,0.0,11.2,956.3
2023-02-25,26.6,31,0.0,11.3,957.8
2023-02-26,26.1,31,0.0,11.7,958.6
2023-02-27,25.4,35,0.0,14.5,958.8
2023-02-28,25.7,35,0.0,15.4,958.9
2023-03-01,26.0,32,0.0,15.8,959.4
2023-03-02,25.7,30,0.0,14.2,959.4
2023-03-03,26.0,35,0.0,17.9,959.6
2023-03-04,27.0,29,0.0,13.7,959.9
2023-03-05,26.2,34,0.0,13.7,959.3
2023-03-06,26.5,33,0.0,14.9,957.3
2023-03-07,25.9,37,0.0,18.0,958.0
2023-03-08,26.2,40,0.0,11.2,957.4
2023-03-09,26.4,35,0.0,12.6,956.7
2023-03-10,26.6,36,0.0,11.2,956.3
2023-03-11,26.2,40,0.0,13.7,956.4
2023-03-12,26.4,39,0.0,15.6,956.3
2023-03-13,26.4,35,0.0,12.4,955.0
2023-03-14,27.1,26,0.0,13.1,953.2
2023-03-15,26.9,32,0.0,14.3,952.4
2023-03-16,24.3,69,9.7,15.1,953.9
2023-03-17,22.2,81,29.6,18.0,954.4
2023-03-18,21.7,86,17.6,14.8,952.8
2023-03-19,22.6,73,0.3,14.0,951.4
2023-03-20,23.3,67,0.0,9.4,950.8
2023-03-21,23.5,59,0.0,9.2,951.3
2023-03-22,24.7,58,0.0,12.3,951.9
2023-03-23,25.1,59,0.0,13.2,951.9
2023-03-24,25.9,62,0.0,9.2,952.4
2023-03-25,26.0,69,0.7,12.7,953.5
2023-03-26,26.6,65,0.0,11.4,952.8
2023-03-27,26.5,55,0.0,14.4,952.4
2023-03-28,27.2,53,0.0,11.6,952.2
2023-03-29,27.8,55,0.0,13.9,953.1
2023-03-30,28.4,49,0.0,13.7,952.0
2023-03-31,27.2,52,0.0,15.6,951.5
2023-04-01,27.1,52,0.0,14.8,951.9
2023-04-02,27.2,60,0.5,9.1,952.0
2023-04-03,27.9,54,0.0,12.3,951.6
2023-04-04,28.5,52,0.0,16.3,952.5
2023-04-05,28.6,52,0.0,9.0,952.5
2023-04-06,27.5,57,2.5,20.8,953.5
2023-04-07,26.9,62,1.5,20.4,955.1
2023-04-08,26.8,57,0.1,21.3,957.2
2023-04-09,28.0,47,0.0,11.9,957.0
2023-04-10,28.2,38,0.0,10.1,955.4
2023-04-11,28.9,39,0.0,11.2,955.2
2023-04-12,29.8,38,0.0,10.6,954.6
2023-04-13,30.6,37,0.0,10.7,954.2
2023-04-14,30.5,41,0.0,19.4,954.1
2023-04-15,29.7,41,0.0,19.2,954.1
2023-04-16,30.1,41,0.0,10.2,952.4
2023-04-17,30.7,38,0.0,10.0,952.5
2023-04-18,31.1,31,0.0,12.7,953.4
2023-04-19,30.6,35,0.0,11.3,951.4
2023-04-20,31.0,34,0.0,16.4,949.4
2023-04-21,28.8,47,1.6,13.5,950.2
2023-04-22,28.9,51,0.0,11.1,949.3
2023-04-23,28.7,50,0.0,19.5,949.6
2023-04-24,28.0,65,4.2,15.3,951.8
2023-04-25,27.6,68,16.2,20.4,952.7
2023-04-26,26.6,68,2.5,13.8,952.4
2023-04-27,25.6,74,17.3,25.1,952.8
2023-04-28,26.8,68,0.5,11.9,953.4
2023-04-29,25.6,74,19.4,20.6,952.8
2023-04-30,24.7,79,17.7,18.1,951.1
2023-05-01,24.4,80,9.9,14.8,951.1
2023-05-02,24.9,80,7.0,16.2,951.8
2023-05-03,25.8,75,1.0,13.3,952.7
2023-05-04,26.3,74,0.2,10.7,952.0
2023-05-05,25.1,78,8.7,15.5,951.3
2023-05-06,26.8,72,1.8,10.7,950.7
2023-05-07,28.1,68,0.0,16.0,950.7
2023-05-08,28.5,66,0.0,10.8,950.3
2023-05-09,27.3,77,4.3,15.5,951.1
2023-05-10,27.7,78,15.3,12.2,950.4
2023-05-11,29.3,60,0.2,16.6,950.9
2023-05-12,29.6,49,0.0,12.8,950.2
2023-05-13,29.8,45,0.0,18.2,949.6
2023-05-14,30.2,40,0.0,25.2,948.6
2023-05-15,30.4,42,0.0,22.1,949.8
2023-05-16,29.6,43,0.0,19.4,951.5
2023-05-17,29.4,46,0.0,17.3,952.3
2023-05-18,30.4,44,0.0,10.1,952.9
2023-05-19,31.4,42,0.0,14.8,951.9
2023-05-20,30.3,51,0.1,22.2,951.4
2023-05-21,30.6,49,0.0,15.7,952.1
2023-05-22,29.1,56,15.1,14.7,953.3
2023-05-23,30.3,47,0.0,9.7,953.4
2023-05-24,30.3,51,3.4,18.6,952.4
2023-05-25,30.3,52,1.0,20.8,952.4
2023-05-26,30.4,46,0.0,19.5,952.9
2023-05-27,30.2,44,0.0,18.5,951.5
2023-05-28,30.7,44,0.0,17.6,951.0
2023-05-29,29.8,52,9.0,21.0,951.5
2023-05-30,28.3,62,11.0,19.8,952.2
2023-05-31,31.0,50,0.0,16.6,951.2
2023-06-01,31.1,43,0.0,15.9,950.1
2023-06-02,31.5,39,0.0,20.2,950.3
2023-06-03,31.4,40,0.0,16.1,950.1
2023-06-04,28.1,63,6.3,23.4,950.1
2023-06-05,29.3,57,0.0,18.8,949.6
2023-06-06,29.6,56,1.9,26.7,949.1
2023-06-07,31.2,49,0.1,19.6,949.2
2023-06-08,31.2,49,0.0,24.1,949.4
2023-06-09,31.1,51,0.0,21.2,947.9
2023-06-10,31.0,51,0.3,22.3,947.9
2023-06-11,30.3,55,0.0,20.1,948.2
2023-06-12,30.6,52,0.0,21.1,947.9
2023-06-13,31.1,45,0.0,22.0,948.5
2023-06-14,31.2,46,0.0,23.4,949.9
2023-06-15,31.1,46,0.0,21.8,950.2
2023-06-16,31.5,42,0.0,19.7,949.3
2023-06-17,31.4,47,0.0,24.6,949.5
2023-06-18,31.6,46,0.0,21.9,949.2
2023-06-19,31.4,48,0.1,19.6,948.1
2023-06-20,31.0,51,0.4,18.8,947.4
2023-06-21,29.5,60,9.3,21.7,948.1
2023-06-22,27.7,72,4.7,18.4,948.7
2023-06-23,27.1,72,11.2,19.8,948.6
2023-06-24,25.8,81,16.5,20.2,947.9
2023-06-25,26.5,76,3.9,22.8,947.4
2023-06-26,25.7,82,3.1,23.8,948.3
2023-06-27,27.0,71,1.0,25.3,948.3
2023-06-28,27.0,72,1.6,21.7,949.6
2023-06-29,27.6,67,0.1,24.5,949.9
2023-06-30,27.7,66,0.3,28.1,949.7
2023-07-01,28.5,64,0.3,23.4,950.1
2023-07-02,28.2,67,0.8,22.4,949.4
2023-07-03,27.7,72,1.9,23.4,948.0
2023-07-04,28.3,69,0.2,20.6,945.9
2023-07-05,26.6,77,3.3,19.5,944.6
2023-07-06,24.9,85,10.9,22.4,946.5
2023-07-07,26.3,74,2.9,27.1,948.4
2023-07-08,26.3,75,0.8,24.1,949.7
2023-07-09,26.8,74,1.2,20.9,950.1
2023-07-10,27.0,69,0.1,21.3,949.9
2023-07-11,26.2,71,0.0,21.1,949.6
2023-07-12,26.5,72,1.8,19.2,948.7
2023-07-13,27.0,73,0.7,17.1,948.7
2023-07-14,26.7,76,1.4,16.9,949.7
2023-07-15,26.6,72,0.9,23.5,949.9
2023-07-16,25.1,82,7.0,17.9,949.2
2023-07-17,24.9,82,6.4,27.7,948.0
2023-07-18,23.7,88,29.1,27.8,946.3
2023-07-19,23.7,88,28.8,32.4,944.3
2023-07-20,23.1,92,28.9,27.0,944.6
2023-07-21,24.4,86,17.8,31.4,946.1
2023-07-22,24.8,84,4.0,26.5,947.2
2023-07-23,24.7,85,17.4,23.5,947.8
2023-07-24,24.6,87,9.9,25.6,947.5
2023-07-25,24.3,87,16.1,27.7,947.5
2023-07-26,24.1,87,23.8,26.4,947.8
2023-07-27,23.1,90,82.7,30.1,947.5
2023-07-28,25.3,79,0.8,33.5,948.4
2023-07-29,25.7,78,0.8,27.0,949.2
2023-07-30,25.8,77,2.9,27.9,949.1
2023-07-31,25.6,79,1.1,24.0,948.9
2023-08-01,25.9,78,1.6,28.6,948.6
2023-08-02,25.8,75,0.2,30.3,949.0
2023-08-03,25.7,75,0.7,31.0,948.8
2023-08-04,26.0,76,1.7,27.4,950.6
2023-08-05,26.3,74,0.4,25.7,952.3
2023-08-06,26.3,73,0.4,25.8,951.4
2023-08-07,26.1,72,0.3,25.9,949.9
2023-08-08,26.1,72,0.0,21.5,950.4
2023-08-09,26.4,76,0.4,17.9,952.2
2023-08-10,26.6,75,0.7,16.5,952.6
2023-08-11,26.8,74,0.3,14.5,951.9
2023-08-12,26.8,70,0.1,18.6,951.4
2023-08-13,26.8,68,0.0,17.7,950.7
2023-08-14,26.7,70,0.1,17.6,951.3
2023-08-15,26.2,72,3.8,15.0,951.7
2023-08-16,26.1,72,3.8,17.6,951.6
2023-08-17,26.3,71,0.9,18.3,950.9
2023-08-18,25.1,76,3.3,20.0,949.4
2023-08-19,24.2,85,5.2,26.3,948.5
2023-08-20,25.4,80,1.4,20.0,949.1
2023-08-21,26.0,75,0.0,17.6,949.6
2023-08-22,26.0,78,2.0,14.2,949.8
2023-08-23,26.6,74,0.0,17.4,949.8
2023-08-24,26.8,67,0.3,17.5,949.5
2023-08-25,26.9,72,4.4,16.6,949.9
2023-08-26,26.3,77,0.7,18.8,951.0
2023-08-27,26.9,72,0.0,18.7,951.4
2023-08-28,26.3,73,0.6,19.5,951.0
2023-08-29,25.9,78,0.5,15.1,950.8
2023-08-30,26.4,72,0.1,14.3,951.1
2023-08-31,27.0,69,0.0,15.0,951.2
2023-09-01,26.7,76,8.9,12.6,951.3
2023-09-02,26.5,80,23.3,19.8,950.6
2023-09-03,24.8,89,27.9,18.1,949.1
2023-09-04,23.5,94,30.0,18.8,947.3
2023-09-05,23.5,91,27.0,22.0,946.4
2023-09-06,25.0,84,9.7,22.2,947.0
2023-09-07,25.3,81,1.7,26.3,947.5
2023-09-08,25.3,80,8.5,27.8,948.3
2023-09-09,25.4,82,3.3,25.4,948.2
2023-09-10,25.2,85,14.1,23.4,948.0
2023-09-11,25.9,79,0.0,22.1,948.6
2023-09-12,25.7,79,0.2,20.8,949.2
2023-09-13,25.8,75,0.2,18.0,949.2
2023-09-14,25.6,77,0.1,20.8,949.0
2023-09-15,26.1,71,0.1,21.7,948.9
2023-09-16,26.0,76,1.1,23.0,949.5
2023-09-17,25.9,76,0.1,20.5,949.5
2023-09-18,26.5,73,0.7,16.3,949.6
2023-09-19,26.7,73,0.0,17.3,950.9
2023-09-20,26.6,75,3.2,19.3,951.1
2023-09-21,25.6,84,3.8,14.0,951.2
2023-09-22,25.1,86,1.9,15.2,951.2
2023-09-23,25.4,85,8.2,13.0,951.5
2023-09-24,24.9,87,3.1,15.7,951.1
2023-09-25,24.8,86,3.3,16.6,950.3
2023-09-26,25.4,84,7.7,10.5,950.0
2023-09-27,25.6,87,5.7,8.9,950.1
2023-09-28,25.6,86,17.0,11.0,949.8
2023-09-29,25.4,86,30.9,12.4,949.9
2023-09-30,25.5,83,1.9,16.9,950.1
2023-10-01,25.6,82,6.9,17.5,949.5
2023-10-02,26.2,79,0.8,15.3,949.7
2023-10-03,27.0,73,0.0,17.7,951.2
2023-10-04,26.8,63,0.0,13.4,952.4
2023-10-05,25.7,60,0.0,13.7,952.2
2023-10-06,25.3,63,0.0,17.3,951.5
2023-10-07,25.8,61,0.0,14.8,952.1
2023-10-08,26.0,63,0.0,10.0,953.5
2023-10-09,26.6,66,0.0,14.3,954.7
2023-10-10,25.9,72,24.6,12.2,954.8
2023-10-11,26.6,65,0.0,13.9,954.3
2023-10-12,26.7,59,0.0,11.8,955.4
2023-10-13,26.6,60,0.0,11.2,956.3
2023-10-14,26.9,60,0.0,11.3,956.1
2023-10-15,26.7,60,0.0,10.3,954.5
2023-10-16,26.6,62,0.8,9.8,954.6
2023-10-17,26.4,62,0.2,9.7,955.7
2023-10-18,26.1,62,0.1,11.9,956.2
2023-10-19,26.3,61,0.0,16.2,956.1
2023-10-20,26.4,59,0.0,12.4,956.2
2023-10-21,25.7,62,0.0,12.2,956.6
2023-10-22,25.2,49,0.0,18.9,956.6
2023-10-23,24.3,50,0.0,16.9,955.1
2023-10-24,23.7,52,0.0,16.3,955.0
2023-10-25,23.9,51,0.0,14.9,956.4
2023-10-26,23.6,49,0.0,15.8,956.6
2023-10-27,23.9,44,0.0,17.6,955.4
2023-10-28,24.4,56,0.1,14.0,955.5
2023-10-29,25.1,74,1.8,10.4,955.6
2023-10-30,24.5,77,0.3,12.2,955.5
2023-10-31,24.8,70,0.0,11.8,955.9
2023-11-01,24.8,68,0.0,8.9,956.2
2023-11-02,24.5,75,4.5,18.4,955.5
2023-11-03,24.7,81,1.9,11.8,954.2
2023-11-04,25.0,77,1.7,12.7,954.2
2023-11-05,25.0,74,0.0,12.8,955.3
2023-11-06,24.5,82,6.5,13.8,956.6
2023-11-07,24.0,83,8.3,14.2,956.5
2023-11-08,24.1,86,9.0,11.2,956.3
2023-11-09,24.3,75,0.0,11.3,956.7
2023-11-10,24.5,69,0.0,11.1,957.7
2023-11-11,24.2,65,0.0,10.5,958.1
2023-11-12,24.8,64,0.0,11.8,958.0
2023-11-13,24.4,64,0.0,9.4,957.4
2023-11-14,24.2,68,0.0,9.7,956.8
2023-11-15,23.8,64,0.0,11.3,956.1
2023-11-16,23.6,59,0.0,10.7,956.0
2023-11-17,23.6,64,0.0,9.6,956.1
2023-11-18,24.0,70,0.0,10.7,956.2
2023-11-19,24.0,70,0.0,13.4,956.6
2023-11-20,24.0,64,0.0,10.7,956.4
2023-11-21,24.2,74,0.9,12.9,956.1
2023-11-22,24.2,79,0.9,11.6,955.4
2023-11-23,23.3,86,1.2,17.7,954.7
2023-11-24,23.0,86,7.2,16.4,955.0
2023-11-25,23.6,78,0.0,17.1,956.7
2023-11-26,23.9,77,0.2,16.0,957.1
2023-11-27,23.9,72,0.0,13.8,955.8
2023-11-28,23.5,78,5.9,14.1,954.7
2023-11-29,23.9,71,0.8,15.5,955.4
2023-11-30,24.1,73,0.0,15.6,955.9
2023-12-01,23.4,66,0.0,14.4,955.2
2023-12-02,23.7,65,0.0,14.8,954.4
2023-12-03,24.5,66,0.0,16.5,954.5
2023-12-04,23.8,71,1.0,18.2,953.1
2023-12-05,22.2,86,6.2,24.2,951.1
2023-12-06,22.7,81,3.1,17.7,952.3
2023-12-07,22.3,82,0.0,11.4,954.2
2023-12-08,22.2,75,0.0,11.3,955.2
2023-12-09,22.7,70,0.0,9.0,956.5
2023-12-10,22.1,63,0.0,10.5,955.6
2023-12-11,21.5,63,0.0,10.1,955.9
2023-12-12,21.2,64,0.0,9.7,955.0
2023-12-13,21.2,66,0.0,11.2,955.8
2023-12-14,20.7,67,0.0,12.0,957.3
2023-12-15,21.3,68,0.0,9.9,957.8
2023-12-16,22.1,75,0.0,10.3,957.1
2023-12-17,22.5,64,0.0,15.3,956.9
2023-12-18,21.6,58,0.0,14.2,957.7
2023-12-19,21.2,58,0.0,12.0,958.3
2023-12-20,20.5,56,0.0,10.1,958.0
2023-12-21,20.4,56,0.0,9.4,957.1
2023-12-22,20.5,61,0.0,10.1,957.0
2023-12-23,21.3,66,0.0,13.0,957.9
2023-12-24,21.2,69,0.0,11.3,959.4
2023-12-25,21.3,74,0.0,9.7,958.9
2023-12-26,21.6,68,0.0,8.9,958.6
2023-12-27,21.7,67,0.0,10.9,959.2
2023-12-28,21.3,73,0.0,12.4,958.0
2023-12-29,20.7,73,0.0,11.8,958.0
2023-12-30,21.2,67,0.0,10.8,957.4
2023-12-31,20.8,70,0.0,10.0,956.7
2024-01-01,21.0,72,0.0,11.4,957.0
2024-01-02,20.5,74,0.0,12.1,956.3
2024-01-03,21.5,70,0.0,14.7,956.0
2024-01-04,21.9,70,0.0,16.6,956.0
2024-01-05,21.3,68,0.0,15.6,956.0
2024-01-06,21.2,70,0.0,18.1,956.3
2024-01-07,21.0,71,0.0,17.1,957.1
2024-01-08,21.6,66,0.0,18.5,957.6
2024-01-09,22.0,62,0.0,19.4,957.6
2024-01-10,21.8,69,0.5,11.4,957.3
2024-01-11,23.2,63,0.0,11.0,957.5
2024-01-12,23.5,65,0.0,10.0,957.0
2024-01-13,23.4,69,0.0,9.4,957.3
2024-01-14,23.6,60,0.0,8.4,956.5
2024-01-15,23.5,58,0.0,9.0,955.8
2024-01-16,23.7,63,0.0,11.3,954.4
2024-01-17,23.6,63,0.0,14.0,954.1
2024-01-18,22.8,62,0.0,12.7,955.0
2024-01-19,23.8,60,0.0,13.9,955.3
2024-01-20,23.5,61,0.0,14.0,956.2
2024-01-21,23.9,60,0.0,13.4,956.2
2024-01-22,24.6,61,0.0,13.1,957.0
2024-01-23,24.7,62,0.0,17.4,956.2
2024-01-24,24.4,65,0.0,13.5,956.2
2024-01-25,22.7,70,0.0,12.3,958.0
2024-01-26,23.1,66,0.0,10.9,959.3
2024-01-27,22.7,68,0.0,12.6,959.7
2024-01-28,22.4,60,0.0,10.9,959.0
2024-01-29,22.2,64,0.0,11.1,958.4
2024-01-30,22.5,63,0.0,13.2,957.4
2024-01-31,23.1,55,0.0,12.9,956.8
2024-02-01,23.9,57,0.0,14.3,956.6
2024-02-02,24.1,60,0.0,9.3,956.8
2024-02-03,24.4,67,0.2,13.0,958.2
2024-02-04,25.2,61,0.0,10.8,959.1
2024-02-05,25.8,59,0.0,9.6,959.1
2024-02-06,26.5,54,0.0,10.8,958.7
2024-02-07,26.8,54,0.0,9.2,958.3
2024-02-08,26.7,52,0.0,9.9,957.8
2024-02-09,25.7,49,0.0,15.5,957.9
2024-02-10,25.8,62,0.0,17.9,958.8
2024-02-11,25.8,61,0.0,18.2,959.0
2024-02-12,25.0,58,0.0,14.8,958.9
2024-02-13,24.6,54,0.0,14.7,958.6
2024-02-14,25.0,53,0.0,13.3,957.7
2024-02-15,24.8,49,0.0,14.3,957.7
2024-02-16,24.0,43,0.0,16.7,958.5
2024-02-17,24.6,35,0.0,14.6,956.7
2024-02-18,25.8,32,0.0,19.5,955.3
2024-02-19,26.1,37,0.0,16.2,955.7
2024-02-20,26.7,40,0.0,12.7,955.4
2024-02-21,26.8,39,0.0,15.5,954.1
2024-02-22,25.9,39,0.0,12.8,954.1
2024-02-23,25.6,42,0.0,14.2,954.5
2024-02-24,26.8,59,0.1,20.7,954.2
2024-02-25,26.3,67,0.4,15.9,954.8
2024-02-26,26.1,61,0.1,19.9,955.7
2024-02-27,26.1,56,0.0,14.6,956.4
2024-02-28,25.6,48,0.0,12.8,955.7
2024-02-29,26.1,45,0.0,13.4,955.9
2024-03-01,27.1,44,0.0,17.0,956.4
2024-03-02,28.0,38,0.0,15.0,955.2
2024-03-03,28.0,42,0.0,16.3,954.5
2024-03-04,27.9,46,0.0,16.3,954.7
2024-03-05,27.8,43,0.0,20.5,955.1
2024-03-06,29.3,42,0.0,14.6,954.5
2024-03-07,28.9,41,0.0,13.8,953.9
2024-03-08,28.5,45,0.0,16.2,954.6
2024-03-09,29.3,46,0.0,13.8,955.0
2024-03-10,28.3,53,0.2,19.1,956.4
2024-03-11,28.5,46,0.0,18.4,957.4
2024-03-12,29.7,45,0.0,12.6,956.2
2024-03-13,31.0,37,0.0,16.6,954.6
2024-03-14,29.4,49,0.0,12.2,955.0
2024-03-15,29.6,43,0.0,21.3,954.1
2024-03-16,28.5,58,0.4,19.5,954.8
2024-03-17,27.5,64,5.7,17.7,955.2
2024-03-18,27.7,55,0.9,13.5,954.8
2024-03-19,28.5,47,0.2,16.0,954.2
2024-03-20,26.1,57,0.2,18.7,955.4
2024-03-21,26.5,52,0.0,14.8,955.0
2024-03-22,27.6,44,0.0,9.8,952.8
2024-03-23,29.1,40,0.0,13.4,952.5
2024-03-24,29.6,42,0.0,14.6,954.4
2024-03-25,28.9,42,0.0,12.5,955.0
2024-03-26,29.7,37,0.0,16.9,955.2
2024-03-27,29.5,32,0.0,13.1,956.5
2024-03-28,30.0,41,0.0,16.6,954.6
2024-03-29,30.8,37,0.0,16.2,953.1
2024-03-30,30.3,38,0.0,13.7,954.6
2024-03-31,29.9,37,0.0,13.7,955.6
2024-04-01,31.0,36,0.0,17.3,953.1
2024-04-02,30.9,41,0.0,10.6,951.6
2024-04-03,31.4,39,0.0,17.1,952.2
2024-04-04,31.4,41,0.0,14.2,952.5
2024-04-05,32.1,35,0.0,10.1,952.1
2024-04-06,32.2,31,0.0,13.1,951.2
2024-04-07,32.3,31,0.0,16.6,950.2
2024-04-08,31.1,39,0.0,22.8,952.3
2024-04-09,29.4,58,0.0,21.5,954.1
2024-04-10,30.1,45,0.0,18.4,953.8
2024-04-11,29.1,45,0.0,21.9,954.5
2024-04-12,27.8,63,6.3,17.3,954.4
2024-04-13,28.0,53,1.8,17.6,954.4
2024-04-14,30.0,48,0.0,13.0,954.4
2024-04-15,30.7,40,0.0,14.9,954.6
2024-04-16,31.3,37,0.0,13.4,953.4
2024-04-17,31.7,41,0.1,9.1,952.8
2024-04-18,32.1,42,0.0,11.2,951.7
2024-04-19,32.0,42,0.1,19.1,950.3
2024-04-20,30.0,52,0.5,17.1,951.0
2024-04-21,30.5,50,1.7,22.8,951.1
2024-04-22,30.9,44,0.0,23.1,952.0
2024-04-23,30.4,44,0.0,12.3,951.1
2024-04-24,30.8,33,0.0,16.1,950.6
2024-04-25,31.7,32,0.0,12.0,950.6
2024-04-26,32.3,34,0.0,10.2,950.1
2024-04-27,32.1,36,0.0,13.4,951.0
2024-04-28,33.3,34,0.0,16.9,950.9
2024-04-29,32.9,34,0.0,14.1,952.2
2024-04-30,33.2,36,0.0,13.4,950.3
2024-05-01,33.7,29,0.0,16.1,948.1
2024-05-02,32.5,27,0.0,17.0,948.3
2024-05-03,32.5,26,0.0,13.4,949.3
2024-05-04,33.1,41,0.0,14.7,949.6
2024-05-05,33.4,44,0.0,16.0,948.9
2024-05-06,33.6,44,0.0,15.3,949.4
2024-05-07,29.3,64,1.6,24.5,951.9
2024-05-08,29.7,58,0.8,19.7,951.2
2024-05-09,29.3,62,0.8,22.9,950.9
2024-05-10,27.7,74,22.9,15.1,951.6
2024-05-11,30.7,54,0.0,13.8,952.3
2024-05-12,30.1,57,5.1,18.4,952.8
2024-05-13,29.4,58,1.6,11.7,952.4
2024-05-14,29.3,59,0.5,16.9,952.1
2024-05-15,29.7,61,1.0,14.6,952.8
2024-05-16,28.7,66,13.5,19.2,953.1
2024-05-17,27.3,73,2.3,18.7,951.6
2024-05-18,27.1,78,10.7,19.3,950.1
2024-05-19,27.1,80,10.3,11.4,948.7
2024-05-20,28.5,74,9.2,12.5,948.5
2024-05-21,29.7,63,0.2,14.6,948.4
2024-05-22,29.3,67,5.5,15.1,947.9
2024-05-23,30.3,60,0.0,11.2,946.2
2024-05-24,32.1,50,0.0,17.2,944.8
2024-05-25,31.7,51,0.5,16.9,944.4
2024-05-26,32.3,46,0.2,26.6,944.7
2024-05-27,31.5,55,0.0,24.3,945.0
2024-05-28,31.6,52,0.0,22.3,945.8
2024-05-29,32.4,46,0.0,24.5,946.0
2024-05-30,32.8,42,0.0,19.4,947.3
2024-05-31,33.6,38,0.0,20.5,947.8
2024-06-01,33.8,41,0.0,15.6,948.4
2024-06-02,29.9,65,25.2,16.2,950.0
2024-06-03,27.8,69,11.9,15.5,950.9
2024-06-04,28.8,68,7.4,14.4,950.6
2024-06-05,26.7,83,34.1,14.4,951.0
2024-06-06,27.1,80,38.3,16.5,950.9
2024-06-07,26.9,77,4.5,17.8,949.6
2024-06-08,26.4,79,6.3,15.9,948.6
2024-06-09,26.4,77,1.6,14.3,947.7
2024-06-10,25.5,83,10.6,19.5,947.9
2024-06-11,25.3,85,6.0,18.9,948.2
2024-06-12,25.7,82,6.2,20.2,949.6
2024-06-13,26.1,83,32.4,20.7,949.8
2024-06-14,25.9,82,8.7,23.7,949.0
2024-06-15,27.2,74,0.8,21.7,948.6
2024-06-16,27.5,72,2.1,19.1,949.3
2024-06-17,27.8,73,2.8,17.6,949.4
2024-06-18,27.9,72,0.4,18.9,948.8
2024-06-19,27.3,72,6.5,19.7,947.7
2024-06-20,27.8,65,0.6,23.7,947.5
2024-06-21,27.5,71,2.8,22.8,947.3
2024-06-22,25.7,81,15.8,16.6,945.8
2024-06-23,27.2,74,2.5,20.5,945.3
2024-06-24,27.7,67,0.1,16.5,944.9
2024-06-25,27.2,74,7.9,22.3,944.5
2024-06-26,26.9,77,7.4,25.8,944.5
2024-06-27,25.0,86,28.0,21.8,946.1
2024-06-28,25.2,84,8.9,25.7,947.2
2024-06-29,26.6,75,2.2,25.8,948.3
2024-06-30,25.3,85,11.8,19.7,948.9
2024-07-01,26.0,77,1.0,26.8,948.4
2024-07-02,26.4,72,1.8,30.9,947.4
2024-07-03,26.6,73,0.0,25.1,948.0
2024-07-04,27.0,71,0.1,24.5,948.9
2024-07-05,26.2,77,2.4,25.1,947.6
2024-07-06,25.6,80,9.9,27.6,946.5
2024-07-07,25.2,82,9.3,19.5,947.0
2024-07-08,24.8,86,25.9,15.3,946.5
2024-07-09,25.3,83,8.6,17.9,947.6
2024-07-10,26.4,73,2.1,20.1,949.9
2024-07-11,26.3,76,12.0,21.6,949.1
2024-07-12,26.2,76,3.3,24.5,947.3
2024-07-13,25.9,78,3.6,28.2,946.3
2024-07-14,24.4,88,17.7,23.0,944.3
2024-07-15,24.7,87,5.4,23.0,943.3
2024-07-16,25.6,81,8.8,23.9,943.9
2024-07-17,25.1,81,3.6,28.7,945.6
2024-07-18,24.9,85,10.8,26.7,945.5
2024-07-19,23.9,90,28.3,27.9,944.1
2024-07-20,23.4,91,20.6,34.2,944.3
2024-07-21,24.1,86,13.5,28.4,945.2
2024-07-22,24.0,88,10.2,28.2,947.0
2024-07-23,24.3,87,11.9,32.2,947.7
2024-07-24,23.3,90,25.7,28.4,945.6
2024-07-25,23.2,91,18.2,28.9,944.2
2024-07-26,23.9,85,13.5,29.6,945.0
2024-07-27,23.7,88,10.5,27.8,945.4
2024-07-28,25.1,81,4.8,32.4,944.0
2024-07-29,25.3,82,3.8,24.0,944.3
2024-07-30,26.0,78,0.0,25.1,947.3
2024-07-31,26.1,77,1.5,26.3,948.6
2024-08-01,25.5,81,3.7,23.4,948.5
2024-08-02,24.5,85,11.5,29.2,948.2
2024-08-03,25.4,77,0.4,30.3,949.2
2024-08-04,25.2,80,4.9,24.9,949.8
2024-08-05,25.8,77,0.5,21.4,950.4
2024-08-06,25.2,82,5.5,21.5,949.7
2024-08-07,23.5,92,22.2,18.9,949.4
2024-08-08,24.6,83,7.9,18.5,950.2
2024-08-09,25.3,81,3.6,15.6,951.1
2024-08-10,26.0,78,0.4,14.8,950.9
2024-08-11,25.8,76,0.2,16.1,949.6
2024-08-12,24.9,85,39.0,11.7,949.4
2024-08-13,26.2,82,2.2,10.2,949.8
2024-08-14,27.0,80,0.2,10.1,949.8
2024-08-15,26.5,83,1.1,11.4,949.1
2024-08-16,25.4,88,26.6,20.0,948.3
2024-08-17,26.4,82,3.2,10.8,949.4
2024-08-18,26.5,83,7.8,9.3,950.1
2024-08-19,25.2,90,17.3,8.0,949.5
2024-08-20,25.5,85,8.2,7.6,949.3
2024-08-21,26.7,81,7.4,12.0,950.0
2024-08-22,25.7,82,6.9,17.5,950.1
2024-08-23,25.5,79,0.2,22.2,950.5
2024-08-24,24.3,85,12.7,27.2,949.9
2024-08-25,24.1,85,9.1,26.9,949.3
2024-08-26,25.0,80,1.8,28.0,948.7
2024-08-27,25.1,79,4.0,26.4,950.4
2024-08-28,25.3,78,3.3,27.4,950.5
2024-08-29,25.1,78,1.0,22.2,949.0
2024-08-30,23.8,90,15.9,19.8,948.7
2024-08-31,23.1,91,25.0,27.1,947.6
2024-09-01,22.4,92,72.0,28.3,945.6
2024-09-02,23.5,86,19.6,26.8,946.1
2024-09-03,24.6,84,8.8,25.0,948.5
2024-09-04,24.4,86,7.9,28.2,949.2
2024-09-05,25.1,83,3.7,23.2,948.4
2024-09-06,25.2,83,2.9,21.4,949.0
2024-09-07,24.0,89,10.3,21.7,949.5
2024-09-08,23.7,91,16.1,18.4,949.4
2024-09-09,23.5,91,12.9,22.0,947.1
2024-09-10,25.1,81,2.5,24.2,946.9
2024-09-11,25.1,76,0.1,24.9,948.8
2024-09-12,25.1,75,0.0,23.8,950.4
2024-09-13,24.8,73,0.0,21.5,950.5
2024-09-14,24.9,74,0.0,21.9,949.9
2024-09-15,25.2,73,0.0,20.8,949.9
2024-09-16,24.5,76,0.8,21.2,950.2
2024-09-17,25.2,72,0.0,21.7,949.9
2024-09-18,24.8,74,0.1,14.7,949.0
2024-09-19,25.5,74,0.0,8.5,949.7
2024-09-20,25.8,77,0.4,14.7,949.8
2024-09-21,24.9,85,6.1,16.1,950.0
2024-09-22,24.7,86,2.4,17.3,949.2
2024-09-23,24.8,88,20.0,11.7,948.5
2024-09-24,25.2,85,13.6,11.1,947.5
2024-09-25,24.7,88,14.6,13.9,947.0
2024-09-26,24.8,85,8.6,20.2,947.4
2024-09-27,25.3,79,0.0,18.8,950.0
2024-09-28,25.5,79,0.0,13.9,952.1
2024-09-29,26.1,79,0.8,6.1,953.4
2024-09-30,25.8,85,3.7,8.3,953.6
2024-10-01,26.4,82,2.7,11.2,951.9
2024-10-02,26.4,81,3.1,19.5,951.8
2024-10-03,26.1,81,1.1,14.8,951.6
2024-10-04,25.8,81,0.1,12.3,951.8
2024-10-05,24.9,85,2.2,18.2,952.3
2024-10-06,25.6,82,1.4,19.8,953.1
2024-10-07,25.4,79,2.1,15.3,954.3
2024-10-08,25.2,79,0.2,12.2,954.7
2024-10-09,25.2,82,2.7,15.7,953.1
2024-10-10,25.0,83,1.4,16.3,952.1
2024-10-11,24.9,85,1.7,19.7,951.9
2024-10-12,24.9,85,4.4,16.1,953.0
2024-10-13,25.2,83,2.7,13.8,953.3
2024-10-14,25.1,83,0.2,10.6,953.2
2024-10-15,24.6,85,11.0,15.0,953.0
2024-10-16,24.8,86,6.6,15.9,952.5
2024-10-17,25.0,86,7.8,20.5,952.0
2024-10-18,25.1,86,2.6,18.4,952.6
2024-10-19,25.3,83,0.9,19.1,953.8
2024-10-20,24.4,85,5.9,14.3,954.9
2024-10-21,24.8,83,1.2,11.6,954.8
2024-10-22,24.2,86,6.1,10.0,954.7
2024-10-23,24.9,73,0.0,13.3,953.7
2024-10-24,24.3,70,0.0,11.3,952.6
2024-10-25,24.2,62,0.0,15.1,952.4
2024-10-26,24.4,65,0.4,19.2,952.4
2024-10-27,24.5,66,0.0,12.5,951.4
2024-10-28,24.7,66,0.0,7.2,950.8
2024-10-29,25.4,68,0.1,8.3,952.2
2024-10-30,24.4,82,6.5,16.4,953.5
2024-10-31,24.4,84,11.3,10.4,954.6
2024-11-01,24.4,84,6.1,12.2,955.8
2024-11-02,24.4,83,1.6,14.1,956.0
2024-11-03,24.3,79,1.2,14.2,956.1
2024-11-04,24.5,73,0.0,10.5,955.1
2024-11-05,24.1,67,0.0,11.2,955.3
2024-11-06,23.8,61,0.0,12.7,955.6
2024-11-07,23.3,61,0.0,9.5,955.5
2024-11-08,23.8,65,0.0,10.3,955.6
2024-11-09,23.7,66,0.0,11.0,955.6
2024-11-10,24.1,59,0.0,12.4,955.4
2024-11-11,23.7,61,0.0,14.5,954.9
2024-11-12,25.4,59,0.0,12.9,954.6
2024-11-13,26.3,57,0.0,11.8,954.2
2024-11-14,25.1,76,1.0,11.6,955.3
2024-11-15,26.1,67,1.4,10.1,955.8
2024-11-16,26.0,49,0.0,9.9,955.3
2024-11-17,24.8,47,0.0,10.0,955.3
2024-11-18,23.9,50,0.0,9.8,955.9
2024-11-19,23.6,49,0.0,10.2,956.5
2024-11-20,23.3,49,0.0,8.6,956.0
2024-11-21,23.6,49,0.0,7.5,955.6
2024-11-22,23.6,49,0.0,9.6,955.4
2024-11-23,23.4,51,0.0,8.3,956.2
2024-11-24,23.5,53,0.0,9.6,956.3
2024-11-25,22.7,52,0.0,10.4,955.8
2024-11-26,23.3,50,0.0,12.2,955.1
2024-11-27,22.8,45,0.0,10.7,954.4
2024-11-28,22.0,44,0.0,15.7,954.2
2024-11-29,23.3,53,0.0,10.8,953.9
2024-11-30,24.7,64,0.0,14.9,952.5
2024-12-01,24.7,76,0.7,14.5,951.0
2024-12-02,23.7,85,4.2,12.8,951.6
2024-12-03,23.6,86,3.5,13.5,953.9
2024-12-04,24.7,80,0.8,11.2,955.0
2024-12-05,23.9,85,12.2,8.7,955.4
2024-12-06,24.7,78,3.1,10.3,955.2
2024-12-07,25.1,73,1.4,8.7,954.5
2024-12-08,24.5,78,1.1,8.3,954.4
2024-12-09,24.3,77,1.0,8.3,954.6
2024-12-10,23.8,72,0.6,13.0,955.3
2024-12-11,22.5,56,0.0,9.3,955.7
2024-12-12,22.2,53,0.0,7.7,955.1
2024-12-13,22.2,53,0.0,8.8,955.7
2024-12-14,21.7,54,0.0,8.8,957.0
2024-12-15,21.3,51,0.0,8.0,957.6
2024-12-16,20.9,47,0.0,7.1,956.2
2024-12-17,21.2,53,0.0,7.5,955.0
2024-12-18,22.3,53,0.0,8.3,954.2
2024-12-19,23.6,58,0.0,9.6,953.9
2024-12-20,24.7,72,0.0,8.1,953.5
2024-12-21,24.6,69,0.0,9.3,953.7
2024-12-22,24.0,65,0.0,10.9,954.6
2024-12-23,24.0,63,0.0,8.9,954.6
2024-12-24,24.3,59,0.0,13.2,954.7
2024-12-25,23.1,75,0.1,12.1,956.3
2024-12-26,22.4,84,0.5,14.1,958.5
2024-12-27,22.8,77,1.9,17.2,959.0
2024-12-28,23.0,72,0.0,12.1,958.4
2024-12-29,23.7,67,0.0,9.4,958.4
2024-12-30,24.5,54,0.0,9.0,958.4
2024-12-31,24.5,57,0.0,8.2,958.8
2025-01-01,24.3,57,0.0,10.2,957.4
2025-01-02,23.0,48,0.0,9.7,957.2
2025-01-03,23.1,40,0.0,9.4,957.3
2025-01-04,23.3,40,0.0,9.9,956.0
2025-01-05,22.4,56,0.0,9.5,955.8
2025-01-06,22.6,57,0.0,8.8,955.6
2025-01-07,23.1,53,0.0,10.4,955.9
2025-01-08,22.6,46,0.0,9.2,956.0
2025-01-09,21.6,50,0.0,11.3,957.0
2025-01-10,22.0,60,0.0,12.5,958.2
2025-01-11,22.2,62,0.0,12.5,957.9
2025-01-12,22.6,65,0.0,11.0,957.5
2025-01-13,23.5,58,0.0,11.7,956.4
2025-01-14,23.4,61,0.0,10.8,957.5
2025-01-15,23.1,65,0.0,12.2,958.4
2025-01-16,23.4,63,0.0,10.8,957.9
2025-01-17,23.2,62,0.0,12.0,957.0
2025-01-18,22.6,63,0.0,10.9,956.8
2025-01-19,23.7,51,0.0,9.7,956.7
2025-01-20,23.8,44,0.0,9.7,955.9
2025-01-21,24.1,38,0.0,9.6,954.9
2025-01-22,24.0,47,0.0,9.9,954.8
2025-01-23,23.4,61,0.0,11.6,955.0
2025-01-24,24.1,57,0.0,10.1,954.7
2025-01-25,24.3,52,0.0,9.8,955.5
2025-01-26,24.9,46,0.0,9.5,955.2
2025-01-27,25.0,49,0.0,9.9,954.1
2025-01-28,25.1,47,0.0,10.9,954.4
2025-01-29,24.7,51,0.0,10.9,956.1
2025-01-30,24.8,53,0.0,9.2,954.8
2025-01-31,25.6,48,0.0,10.7,954.1
2025-02-01,26.4,44,0.0,9.7,954.8
2025-02-02,26.5,42,0.0,11.0,955.2
2025-02-03,26.5,42,0.0,11.2,955.7
2025-02-04,26.6,42,0.0,10.2,955.9
2025-02-05,27.6,38,0.0,12.4,954.8
2025-02-06,26.9,41,0.0,12.7,955.0
2025-02-07,26.8,46,0.0,10.7,956.3
2025-02-08,27.1,45,0.0,11.2,956.2
2025-02-09,27.0,42,0.0,10.3,955.8
2025-02-10,26.7,48,0.0,12.2,956.6
2025-02-11,27.3,44,0.0,12.0,956.4
2025-02-12,28.0,41,0.0,10.9,956.3
2025-02-13,27.7,39,0.0,9.8,956.1
2025-02-14,27.1,37,0.0,6.4,956.0
2025-02-15,27.0,35,0.0,10.9,955.1
2025-02-16,27.2,33,0.0,8.8,955.3
2025-02-17,27.8,32,0.0,11.6,956.2
2025-02-18,28.1,38,0.0,11.8,956.0
2025-02-19,28.6,37,0.0,9.3,954.7
2025-02-20,28.3,42,0.5,8.6,955.6
2025-02-21,27.8,48,0.0,9.6,957.1
2025-02-22,28.1,41,0.0,11.0,957.4
2025-02-23,27.8,36,0.0,12.9,957.9
2025-02-24,27.7,29,0.0,10.9,958.0
2025-02-25,26.5,43,0.0,10.8,959.1
2025-02-26,26.9,44,0.0,10.7,959.2
2025-02-27,27.0,44,0.0,10.2,957.7
2025-02-28,27.2,48,0.0,10.1,956.6
2025-03-01,27.2,44,0.0,11.6,955.8
2025-03-02,28.5,37,0.0,11.7,954.1
2025-03-03,29.9,29,0.0,11.9,954.3
2025-03-04,29.9,32,0.0,13.5,954.4
2025-03-05,28.7,31,0.0,11.5,954.9
2025-03-06,26.9,23,0.0,11.1,955.8
2025-03-07,27.2,27,0.0,9.7,953.9
2025-03-08,28.3,28,0.0,9.9,952.3
2025-03-09,28.8,34,0.0,12.7,953.7
2025-03-10,27.1,53,0.0,12.2,956.6
2025-03-11,28.1,46,0.0,13.4,956.8
2025-03-12,29.2,38,0.0,10.8,954.6
2025-03-13,30.6,33,0.0,9.4,953.6
2025-03-14,31.6,30,0.0,10.5,953.8
2025-03-15,31.4,27,0.0,13.9,954.6
2025-03-16,31.4,22,0.0,12.7,954.6
2025-03-17,31.2,25,0.0,12.1,954.1
2025-03-18,31.4,28,0.0,13.6,954.1
2025-03-19,30.2,33,0.0,13.9,955.5
2025-03-20,28.7,52,0.0,13.8,956.6
2025-03-21,29.0,49,0.0,18.1,956.4
2025-03-22,27.2,61,0.5,11.3,955.8
2025-03-23,27.6,63,0.1,9.1,956.2
2025-03-24,28.2,56,0.0,9.4,956.0
2025-03-25,29.2,44,0.0,10.1,953.4
2025-03-26,30.0,35,0.0,13.1,952.0
2025-03-27,30.8,33,0.0,15.4,951.7
2025-03-28,31.8,31,0.0,8.4,951.3
2025-03-29,31.9,31,0.0,8.0,951.4
2025-03-30,32.0,29,0.0,13.3,952.6
2025-03-31,31.2,28,0.0,11.7,952.8
2025-04-01,29.4,47,0.0,12.3,952.3
2025-04-02,28.1,55,0.0,11.8,953.4
2025-04-03,25.8,71,9.4,11.3,955.0
2025-04-04,25.7,74,3.0,11.7,955.0
2025-04-05,27.7,63,0.0,6.6,953.8
2025-04-06,28.6,54,0.0,8.3,952.6
2025-04-07,29.8,41,0.0,11.5,952.9
2025-04-08,29.7,47,0.1,10.4,954.3
2025-04-09,30.3,47,0.0,13.1,953.2
2025-04-10,30.8,39,0.0,11.9,950.4
2025-04-11,31.0,35,0.0,16.4,949.6
2025-04-12,31.7,27,0.0,14.1,951.3
2025-04-13,31.3,28,0.0,10.4,952.6
2025-04-14,31.2,34,0.0,10.9,952.2
2025-04-15,31.2,35,0.0,11.2,952.2
2025-04-16,30.5,51,0.0,15.1,952.1
2025-04-17,30.1,54,0.3,10.3,951.3
2025-04-18,31.4,44,0.0,10.1,950.8
2025-04-19,30.7,50,1.7,8.6,950.8
2025-04-20,32.8,39,0.0,9.4,951.1
2025-04-21,32.4,42,0.1,11.5,953.1
2025-04-22,33.3,38,0.1,9.0,953.8
2025-04-23,33.2,37,0.0,9.9,952.2
2025-04-24,33.6,32,0.0,11.9,951.3
2025-04-25,33.4,35,0.0,9.8,951.8
2025-04-26,32.4,42,0.0,9.6,951.7
2025-04-27,29.1,62,8.2,11.1,952.9
2025-04-28,30.8,48,0.0,9.5,951.4
2025-04-29,31.2,44,0.0,11.1,950.7
2025-04-30,32.3,41,0.0,12.2,950.8
2025-05-01,31.7,50,0.0,11.9,951.7
2025-05-02,32.2,45,0.0,12.6,951.8
2025-05-03,32.3,41,0.0,12.1,950.9
2025-05-04,31.4,39,0.0,14.5,950.3
2025-05-05,31.4,43,0.0,10.6,950.3
2025-05-06,31.4,39,0.0,9.2,951.4
2025-05-07,31.2,38,0.8,11.9,950.7
2025-05-08,31.0,36,0.0,9.9,951.0
2025-05-09,30.9,40,0.0,12.8,951.9
2025-05-10,31.7,39,0.0,10.0,951.8
2025-05-11,32.2,41,0.2,10.4,950.7
2025-05-12,32.1,43,0.0,12.6,949.9
2025-05-13,31.2,49,0.0,11.9,949.9
2025-05-14,30.9,51,0.2,12.2,950.7
2025-05-15,29.3,61,11.5,10.4,951.0
2025-05-16,29.9,57,0.3,9.9,950.4
2025-05-17,30.2,57,0.6,9.9,949.9
2025-05-18,29.6,62,1.5,10.9,949.3
2025-05-19,28.8,68,8.8,14.7,948.6
2025-05-20,29.9,65,1.9,13.8,947.7
2025-05-21,26.4,82,24.5,10.1,948.3
2025-05-22,26.5,78,5.4,12.5,948.0
2025-05-23,27.4,69,1.0,17.2,946.0
2025-05-24,26.8,74,1.6,10.9,945.0
2025-05-25,26.5,77,2.6,16.3,945.3
2025-05-26,25.7,81,2.0,10.1,944.5
2025-05-27,25.9,81,1.5,14.8,944.3
2025-05-28,25.3,84,3.5,17.9,944.2
2025-05-29,26.1,82,4.5,13.7,943.8
2025-05-30,27.7,71,1.8,17.3,944.8
2025-05-31,28.6,59,0.0,16.5,948.0
2025-06-01,28.0,62,0.2,16.4,949.6
2025-06-02,27.3,66,1.1,17.7,949.2
2025-06-03,27.7,65,0.2,13.9,949.4
2025-06-04,28.3,59,0.1,13.1,950.3
2025-06-05,28.0,62,0.7,10.1,951.4
2025-06-06,29.0,61,0.2,8.5,951.7
2025-06-07,29.7,56,0.0,12.3,951.4
2025-06-08,29.3,60,0.6,12.6,950.4
2025-06-09,26.1,77,6.2,14.4,948.9
2025-06-10,27.4,70,1.6,15.2,946.2
2025-06-11,26.6,75,2.6,15.7,945.4
2025-06-12,26.5,80,10.0,10.1,945.0
2025-06-13,27.6,77,0.9,8.0,945.6
2025-06-14,27.7,74,1.6,11.4,945.6
2025-06-15,26.5,77,5.4,16.9,944.7
2025-06-16,26.4,75,1.6,25.1,944.8
2025-06-17,27.6,66,0.1,21.0,947.3
2025-06-18,27.5,66,0.2,21.1,947.7
2025-06-19,27.2,68,2.3,26.7,947.6
2025-06-20,27.5,67,0.2,20.6,948.9
2025-06-21,28.1,64,0.3,19.3,948.9
2025-06-22,28.1,61,1.0,21.8,948.4
2025-06-23,26.7,67,0.5,22.9,947.0
2025-06-24,25.7,74,12.4,23.8,945.6
2025-06-25,25.9,74,7.2,19.4,946.0
2025-06-26,26.2,74,9.8,18.2,946.4
2025-06-27,26.7,69,1.6,20.3,947.8
2025-06-28,27.6,64,0.3,23.0,948.3
2025-06-29,26.9,65,1.5,23.3,947.9
2025-06-30,25.5,75,8.7,24.1,947.6
2025-07-01,24.5,83,9.6,19.1,947.2
2025-07-02,24.6,85,4.9,15.7,946.9
2025-07-03,25.2,78,1.8,20.0,947.5
2025-07-04,25.9,75,11.5,23.5,948.7
2025-07-05,26.0,75,2.9,23.3,948.1
2025-07-06,26.6,69,2.4,22.9,947.0
2025-07-07,25.5,76,3.0,20.7,947.1
2025-07-08,25.8,74,1.7,22.8,947.9
2025-07-09,26.0,73,0.6,20.8,948.4
2025-07-10,26.8,70,0.7,16.8,948.3
2025-07-11,27.5,68,0.3,13.1,948.0
2025-07-12,27.6,67,1.3,16.2,948.5
2025-07-13,28.1,63,0.0,16.9,948.5
2025-07-14,28.2,62,1.2,19.4,948.1
2025-07-15,27.0,71,2.7,20.0,947.5
2025-07-16,27.7,69,4.3,14.2,947.2
2025-07-17,27.0,77,7.0,12.8,947.9
2025-07-18,25.9,82,12.5,9.9,948.2
2025-07-19,25.7,83,8.5,9.8,946.1
2025-07-20,26.2,78,2.1,11.8,945.6
2025-07-21,26.2,79,3.0,13.4,946.2
2025-07-22,25.3,84,5.5,16.7,946.2
2025-07-23,24.4,87,8.1,19.0,945.2
2025-07-24,23.9,87,8.5,18.0,944.7
2025-07-25,24.0,88,14.9,20.9,944.4
2025-07-26,23.5,90,23.5,22.8,945.2
2025-07-27,25.8,73,0.9,27.1,946.9
2025-07-28,25.9,70,0.0,27.2,947.7
2025-07-29,26.0,71,0.5,27.2,947.9
2025-07-30,25.4,77,2.9,22.1,948.0
2025-07-31,26.0,74,1.0,20.6,948.7
2025-08-01,26.4,73,0.0,18.2,949.2
2025-08-02,27.0,71,0.2,11.9,949.1
2025-08-03,26.8,76,0.6,9.2,950.1
2025-08-04,26.4,80,4.1,6.2,950.9
2025-08-05,26.5,79,6.6,7.3,950.5
2025-08-06,26.6,79,7.0,9.6,950.3
2025-08-07,26.1,83,23.7,7.6,949.9
2025-08-08,26.0,80,3.9,7.2,950.7
2025-08-09,24.8,85,5.4,9.8,952.1
2025-08-10,24.7,86,15.0,11.7,951.1
2025-08-11,24.8,84,9.7,14.1,950.5
2025-08-12,24.9,83,4.4,16.4,948.9
2025-08-13,23.8,88,11.8,17.3,947.1
2025-08-14,24.1,85,8.8,14.2,947.1
2025-08-15,24.4,85,4.8,18.1,946.0
2025-08-16,24.2,86,2.0,21.2,944.7
2025-08-17,23.8,88,7.5,17.4,945.0
2025-08-18,23.6,88,15.6,23.4,946.0
2025-08-19,23.8,85,7.4,25.5,946.3
2025-08-20,24.6,82,2.8,21.8,948.0
2025-08-21,25.8,76,0.1,20.8,950.7
2025-08-22,25.6,75,0.1,19.1,950.8
2025-08-23,25.3,74,0.1,20.9,950.0
2025-08-24,25.6,72,0.1,21.1,950.7
2025-08-25,25.6,71,0.1,21.0,950.1
2025-08-26,24.2,84,19.8,18.3,949.6
2025-08-27,23.3,91,25.8,17.0,947.5
2025-08-28,23.7,89,17.6,19.3,946.5
2025-08-29,24.9,81,1.7,18.2,947.7
2025-08-30,25.8,77,0.4,17.8,949.6
2025-08-31,25.0,84,2.9,16.2,949.4
2025-09-01,24.8,83,8.7,18.3,947.7
2025-09-02,24.3,84,4.5,21.0,947.1
2025-09-03,24.9,79,0.2,16.7,947.0
2025-09-04,25.4,76,0.3,18.7,948.0
2025-09-05,25.5,75,0.6,15.8,949.5
2025-09-06,25.6,78,0.2,13.9,950.7
2025-09-07,25.6,73,0.0,13.6,950.9
2025-09-08,26.2,73,0.5,9.7,950.7
2025-09-09,27.2,67,0.9,8.7,951.4
2025-09-10,26.1,79,12.2,10.4,951.7
2025-09-11,24.2,87,20.5,14.7,951.0
2025-09-12,23.8,89,6.6,12.8,950.7
2025-09-13,24.1,89,11.5,9.6,950.2
2025-09-14,25.0,85,7.2,10.1,950.4
2025-09-15,25.2,84,4.5,13.4,950.1
2025-09-16,25.2,85,7.6,10.1,950.1
2025-09-17,25.4,85,1.2,7.2,950.5
2025-09-18,25.8,83,6.3,10.0,950.5
2025-09-19,25.5,82,16.2,11.2,951.1
2025-09-20,25.7,82,2.2,11.6,950.7
2025-09-21,25.4,84,9.3,11.6,949.9
2025-09-22,24.7,87,6.8,11.7,950.4
2025-09-23,24.7,86,10.2,16.8,950.6
2025-09-24,25.0,80,0.0,19.1,949.2
2025-09-25,23.6,84,6.0,18.0,948.4
2025-09-26,23.7,88,16.9,17.8,947.2
2025-09-27,23.4,92,10.5,14.5,947.3
2025-09-28,23.9,82,3.3,19.2,948.2
2025-09-29,25.0,76,0.0,14.8,949.2
2025-09-30,25.2,79,0.1,13.6,949.0
2025-10-01,25.4,75,0.2,16.4,948.8
2025-10-02,25.1,78,0.0,13.5,950.3
2025-10-03,25.8,76,0.0,15.9,952.4
2025-10-04,26.0,79,0.8,11.6,953.4
2025-10-05,25.4,80,2.3,12.4,953.5
2025-10-06,24.6,82,10.2,12.2,954.2
2025-10-07,24.7,82,3.4,9.5,954.2
2025-10-08,25.9,75,0.7,9.5,954.0
2025-10-09,25.8,76,1.1,8.4,954.5
2025-10-10,26.3,60,0.0,9.7,953.5
2025-10-11,26.1,57,0.0,12.9,953.5
2025-10-12,26.9,57,0.0,9.4,953.1
2025-10-13,25.5,70,0.2,10.4,953.6
2025-10-14,24.9,82,2.1,12.5,952.3
2025-10-15,25.7,75,0.7,13.0,952.4
2025-10-16,26.8,66,0.0,13.9,953.0
2025-10-17,26.9,65,0.7,14.0,954.3
2025-10-18,27.1,60,0.0,11.2,953.5
2025-10-19,26.2,68,1.3,13.8,952.5
2025-10-20,25.7,74,10.8,9.4,952.3
2025-10-21,25.4,77,2.2,14.7,953.1
2025-10-22,25.1,81,5.1,15.5,953.3
2025-10-23,23.7,89,5.5,17.3,952.7
2025-10-24,23.3,91,12.0,10.8,953.0
2025-10-25,23.4,89,20.4,10.0,952.9
2025-10-26,24.4,84,1.0,10.9,952.7
2025-10-27,24.9,79,2.3,7.0,952.5
2025-10-28,23.5,89,16.8,16.2,949.8
2025-10-29,22.5,91,26.7,18.2,947.9
2025-10-30,24.8,74,0.2,19.5,951.3
2025-10-31,24.4,71,0.0,14.3,954.0
2025-11-01,25.2,80,0.1,9.0,954.3
2025-11-02,25.0,81,0.4,13.8,955.0
2025-11-03,25.4,81,1.0,12.6,954.5
2025-11-04,24.3,85,1.6,10.1,954.2
2025-11-05,25.2,74,0.0,9.7,953.2
2025-11-06,25.0,65,0.0,8.5,954.1
2025-11-07,25.0,58,0.0,9.9,955.4
2025-11-08,24.2,50,0.0,8.9,956.3
2025-11-09,23.3,54,0.0,8.3,955.5
2025-11-10,23.5,51,0.0,6.5,955.5
2025-11-11,24.2,49,0.0,9.7,956.1
2025-11-12,24.1,48,0.0,9.3,956.8
2025-11-13,23.4,45,0.0,9.8,957.5
2025-11-14,22.4,50,0.0,8.9,957.0
2025-11-15,22.4,52,0.0,8.4,957.8
2025-11-16,22.4,48,0.0,9.8,958.7
2025-11-17,22.3,45,0.0,10.7,958.1
2025-11-18,23.1,45,0.0,8.9,956.6
2025-11-19,23.1,49,0.0,8.3,956.6
2025-11-20,23.0,49,0.0,8.7,957.2
2025-11-21,24.3,57,0.0,10.8,958.2
2025-11-22,25.2,63,0.0,10.5,957.8
2025-11-23,25.7,61,0.0,8.8,957.6
2025-11-24,25.4,54,0.0,9.7,957.7
2025-11-25,24.4,58,0.0,9.7,957.6
2025-11-26,24.0,61,0.0,11.3,957.8
2025-11-27,23.6,63,0.0,11.1,957.9
2025-11-28,23.1,52,0.0,11.1,956.5
2025-11-29,22.1,51,0.0,9.8,955.4
2025-11-30,22.7,54,0.0,9.6,955.2
2025-12-01,23.4,60,0.2,10.1,955.2
2025-12-02,23.9,62,0.0,12.4,955.4
2025-12-03,24.1,58,0.0,10.2,956.7
2025-12-04,24.3,62,0.1,9.4,958.0
2025-12-05,23.6,52,0.0,11.6,959.0
2025-12-06,22.9,49,0.0,9.2,959.2
2025-12-07,23.4,45,0.0,10.6,959.0
2025-12-08,22.6,40,0.0,11.1,958.5
2025-12-09,22.7,35,0.0,13.5,957.9
2025-12-10,22.7,35,0.0,12.3,958.4
2025-12-11,22.2,32,0.0,9.9,957.7
2025-12-12,21.9,35,0.0,8.8,956.8
2025-12-13,22.1,42,0.0,9.2,956.8
2025-12-14,22.3,45,0.0,8.5,957.4
2025-12-15,22.0,50,0.0,8.3,957.6
2025-12-16,22.0,52,0.0,8.0,957.6
2025-12-17,22.9,49,0.0,9.2,958.7
2025-12-18,22.7,40,0.0,10.3,958.2
2025-12-19,22.1,37,0.0,10.3,956.6
2025-12-20,21.6,42,0.0,9.8,955.2
2025-12-21,21.2,55,0.0,8.3,956.2
2025-12-22,22.2,48,0.0,8.3,956.4
2025-12-23,21.7,49,0.0,10.1,955.7
2025-12-24,21.9,48,0.0,8.6,955.8
2025-12-25,21.9,47,0.0,8.3,956.5
2025-12-26,21.4,52,0.0,8.7,956.4
2025-12-27,21.5,53,0.0,8.0,956.7
2025-12-28,21.5,52,0.0,8.0,957.2
2025-12-29,21.4,51,0.0,8.0,957.0
2025-12-30,22.0,52,0.0,5.1,955.9
2025-12-31,22.7,53,0.0,9.4,954.2
